-- phpMyAdmin SQL Dump
-- version 4.9.5
-- https://www.phpmyadmin.net/
--
-- Servidor: localhost:3306
-- Tiempo de generación: 17-12-2020 a las 06:10:11
-- Versión del servidor: 5.7.24
-- Versión de PHP: 7.2.19

SET SQL_MODE = "NO_AUTO_VALUE_ON_ZERO";
SET AUTOCOMMIT = 0;
START TRANSACTION;
SET time_zone = "+00:00";


/*!40101 SET @OLD_CHARACTER_SET_CLIENT=@@CHARACTER_SET_CLIENT */;
/*!40101 SET @OLD_CHARACTER_SET_RESULTS=@@CHARACTER_SET_RESULTS */;
/*!40101 SET @OLD_COLLATION_CONNECTION=@@COLLATION_CONNECTION */;
/*!40101 SET NAMES utf8mb4 */;

--
-- Base de datos: `db_inventor_machines`
--

-- --------------------------------------------------------

--
-- Estructura de tabla para la tabla `campus`
--

CREATE TABLE `campus` (
  `id` bigint(20) UNSIGNED NOT NULL,
  `campu_name` varchar(255) COLLATE utf8mb4_unicode_ci NOT NULL,
  `label` varchar(4) COLLATE utf8mb4_unicode_ci DEFAULT NULL,
  `created_at` timestamp NULL DEFAULT NULL,
  `updated_at` timestamp NULL DEFAULT NULL
) ENGINE=InnoDB DEFAULT CHARSET=utf8mb4 COLLATE=utf8mb4_unicode_ci;

--
-- Volcado de datos para la tabla `campus`
--

INSERT INTO `campus` (`id`, `campu_name`, `label`, `created_at`, `updated_at`) VALUES
(1, 'VIVA 1A IPS MACARENA', 'MAC', '2020-10-10 08:30:50', '2020-10-10 08:30:50'),
(2, 'VIVA 1A IPS CALLE 30', 'C30', '2020-11-25 04:28:32', '2020-11-25 04:28:35'),
(4, 'VIVA 1A IPS CARRERA 16', 'C16', '2020-10-04 07:05:49', '2020-10-04 07:05:49'),
(5, 'VIVA 1A IPS SOLEDAD', 'SOL', '2020-10-04 07:05:57', '2020-10-04 07:05:57'),
(6, 'VIVA 1A IPS SURA SAN JOSE', 'SSJ', '2020-10-04 07:06:12', '2020-10-04 07:06:12'),
(9, 'VIVA 1A IPS SURA 85', 'S85', '2020-11-12 11:23:59', '2020-11-12 11:23:59'),
(10, 'VIVA 1A CASA MATRIZ', 'MTRZ', '2020-11-20 04:16:23', '2020-11-20 04:16:23'),
(11, 'VIVA 1A CALL CENTER', 'CTII', '2020-11-20 04:17:12', '2020-11-20 04:17:12'),
(12, 'VIVA 1A IPS KENNEDY', 'KNY', '2020-11-21 03:58:21', '2020-11-21 03:58:21'),
(13, 'VIVA 1A IPS MARINELO', 'MAR', '2020-11-25 05:13:51', '2020-11-25 05:13:51'),
(14, 'VIVA 1A IPS CIENAGA', 'CNG', '2020-11-25 05:14:04', '2020-11-25 05:14:04'),
(15, 'VIVA 1A IPS CARRERA 12', 'C12', '2020-11-25 05:14:21', '2020-11-25 05:14:21'),
(16, 'VIVA 1A IPS RIOHACHA', 'RIO', '2020-11-25 05:46:34', '2020-11-25 05:46:34'),
(17, 'VIVA 1A IPS VALLEDUPAR', 'VDP', '2020-11-25 05:46:55', '2020-11-25 05:46:55'),
(18, 'VIVA 1A IPS COUNTRY', 'CTRY', '2020-12-10 21:02:57', '2020-12-10 21:02:57'),
(19, 'VIVA 1A IPS COMPENSAR', 'COMP', '2020-12-10 21:14:06', '2020-12-10 21:14:06');

-- --------------------------------------------------------

--
-- Estructura de tabla para la tabla `failed_jobs`
--

CREATE TABLE `failed_jobs` (
  `id` bigint(20) UNSIGNED NOT NULL,
  `connection` text COLLATE utf8mb4_unicode_ci NOT NULL,
  `queue` text COLLATE utf8mb4_unicode_ci NOT NULL,
  `payload` longtext COLLATE utf8mb4_unicode_ci NOT NULL,
  `exception` longtext COLLATE utf8mb4_unicode_ci NOT NULL,
  `failed_at` timestamp NOT NULL DEFAULT CURRENT_TIMESTAMP
) ENGINE=InnoDB DEFAULT CHARSET=utf8mb4 COLLATE=utf8mb4_unicode_ci;

-- --------------------------------------------------------

--
-- Estructura de tabla para la tabla `hdds`
--

CREATE TABLE `hdds` (
  `id` bigint(20) UNSIGNED NOT NULL,
  `size` varchar(255) COLLATE utf8mb4_unicode_ci NOT NULL,
  `type` varchar(255) COLLATE utf8mb4_unicode_ci NOT NULL,
  `created_at` timestamp NULL DEFAULT NULL,
  `updated_at` timestamp NULL DEFAULT NULL
) ENGINE=InnoDB DEFAULT CHARSET=utf8mb4 COLLATE=utf8mb4_unicode_ci;

--
-- Volcado de datos para la tabla `hdds`
--

INSERT INTO `hdds` (`id`, `size`, `type`, `created_at`, `updated_at`) VALUES
(1, 'NO APLICA', '', NULL, NULL),
(2, '70 GB', 'Escritorio', NULL, NULL),
(3, '70 GB', 'Portatil', NULL, NULL),
(4, '100 GB', 'Escritorio', NULL, NULL),
(5, '100 GB', 'Portatil', NULL, NULL),
(6, '120 GB', 'Escritorio', NULL, NULL),
(7, '120 GB', 'Portatil', NULL, NULL),
(8, '150 GB', 'Escritorio', NULL, NULL),
(9, '150 GB', 'Portatil', NULL, NULL),
(10, '200 GB', 'Escritorio', NULL, NULL),
(11, '200 GB', 'Portatil', NULL, NULL),
(12, '250 GB', 'Escritorio', NULL, NULL),
(13, '250 GB', 'Portatil', NULL, NULL),
(14, '300 GB', 'Escritorio', NULL, NULL),
(15, '300 GB', 'Portatil', NULL, NULL),
(16, '500 GB', 'Escritorio', NULL, NULL),
(17, '500 GB', 'Portatil', NULL, NULL),
(18, '800 GB', 'Escritorio', NULL, NULL),
(19, '800 GB', 'Portatil', NULL, NULL),
(20, '1 TB', 'Escritorio', NULL, NULL),
(21, '1 TB', 'Portatil', NULL, NULL),
(22, '2 TB', 'Escritorio', NULL, NULL),
(23, '2 TB', 'Portatil', NULL, NULL),
(24, '256 GB', 'SSD', NULL, NULL),
(25, '500 GB', 'SSD', NULL, NULL);

-- --------------------------------------------------------

--
-- Estructura de tabla para la tabla `machines`
--

CREATE TABLE `machines` (
  `id` bigint(20) UNSIGNED NOT NULL,
  `serial_monitor` varchar(256) COLLATE utf8mb4_unicode_ci DEFAULT NULL,
  `serial` varchar(56) COLLATE utf8mb4_unicode_ci NOT NULL,
  `lote` smallint(6) DEFAULT NULL,
  `type_id` bigint(20) UNSIGNED DEFAULT NULL,
  `manufacturer` varchar(25) COLLATE utf8mb4_unicode_ci DEFAULT NULL,
  `model` varchar(56) COLLATE utf8mb4_unicode_ci DEFAULT NULL,
  `ram_slot_00_id` bigint(20) UNSIGNED DEFAULT NULL,
  `ram_slot_01_id` bigint(20) UNSIGNED DEFAULT NULL,
  `hard_drive_id` bigint(20) UNSIGNED DEFAULT NULL,
  `name_pc` varchar(20) COLLATE utf8mb4_unicode_ci DEFAULT NULL,
  `cpu` varchar(255) COLLATE utf8mb4_unicode_ci DEFAULT NULL,
  `ip_range` varchar(45) COLLATE utf8mb4_unicode_ci NOT NULL,
  `mac_address` varchar(17) COLLATE utf8mb4_unicode_ci NOT NULL,
  `anydesk` varchar(255) COLLATE utf8mb4_unicode_ci DEFAULT NULL,
  `os` varchar(255) COLLATE utf8mb4_unicode_ci DEFAULT NULL,
  `created_by` bigint(20) UNSIGNED DEFAULT NULL,
  `rol_id` bigint(20) UNSIGNED DEFAULT NULL,
  `campus_id` bigint(20) UNSIGNED DEFAULT NULL,
  `location` varchar(255) COLLATE utf8mb4_unicode_ci DEFAULT NULL,
  `image` varchar(255) COLLATE utf8mb4_unicode_ci DEFAULT NULL,
  `comment` varchar(255) COLLATE utf8mb4_unicode_ci DEFAULT NULL,
  `created_at` timestamp NULL DEFAULT NULL,
  `updated_at` timestamp NULL DEFAULT NULL,
  `deleted_at` timestamp NULL DEFAULT NULL,
  `status_deleted_at` tinyint(1) DEFAULT NULL
) ENGINE=InnoDB DEFAULT CHARSET=utf8mb4 COLLATE=utf8mb4_unicode_ci;

--
-- Volcado de datos para la tabla `machines`
--

INSERT INTO `machines` (`id`, `serial_monitor`, `serial`, `lote`, `type_id`, `manufacturer`, `model`, `ram_slot_00_id`, `ram_slot_01_id`, `hard_drive_id`, `name_pc`, `cpu`, `ip_range`, `mac_address`, `anydesk`, `os`, `created_by`, `rol_id`, `campus_id`, `location`, `image`, `comment`, `created_at`, `updated_at`, `deleted_at`, `status_deleted_at`) VALUES
(2, NULL, '', 1001, 4, '', '', NULL, NULL, NULL, NULL, '', ' 192.168.71.27 ', 'B8:27:EB:39:0C:5C', NULL, NULL, 1, 1, 1, '', NULL, NULL, '2020-09-01 16:07:32', NULL, NULL, 1),
(3, NULL, '', 1001, 4, '', '', NULL, NULL, NULL, NULL, '', ' 192.168.71.28 ', 'B8:27:EB:5F:59:D3', NULL, NULL, 1, 1, 1, '', NULL, NULL, '2020-09-01 16:07:32', NULL, NULL, 1),
(4, NULL, '', 1001, 4, '', '', NULL, NULL, NULL, NULL, '', ' 192.168.71.29 ', 'B8:27:EB:3E:16:A7', NULL, NULL, 1, 1, 1, '', NULL, NULL, '2020-09-01 16:07:32', NULL, NULL, 1),
(5, NULL, '', 1001, 4, '', '', NULL, NULL, NULL, NULL, '', ' 192.168.71.80 ', 'B8:27:EB:7B:FA:B3', NULL, NULL, 1, 1, 1, '', NULL, NULL, '2020-09-01 16:07:32', NULL, NULL, 1),
(6, NULL, '', 1001, 4, '', '', NULL, NULL, NULL, NULL, '', ' 192.168.71.81 ', 'B8:27:EB:7F:5C:23', NULL, NULL, 1, 1, 1, '', NULL, NULL, '2020-09-01 16:07:32', NULL, NULL, 1),
(7, NULL, '', 1001, 4, '', '', NULL, NULL, NULL, NULL, '', ' 192.168.71.64 ', '  ', NULL, NULL, 1, 1, 1, '', NULL, NULL, '2020-09-01 16:07:32', NULL, NULL, 1),
(8, NULL, 'NO REGISTRA', 1001, 2, NULL, NULL, NULL, NULL, NULL, NULL, 'Mobile DualCore Intel Core i5-3230M, 2600 MHz', '192.168.71.146', '00-0E-C4-D0-0B-6C', '121 704 327', NULL, 1, 1, 1, 'ENTRADA', NULL, 'V1AMAC-ATRIL01', '2020-09-01 16:07:32', '2020-11-14 04:22:00', NULL, 1),
(9, NULL, '', 1001, 2, '', '', NULL, NULL, NULL, NULL, '', ' 192.168.71.25 ', '6C:4B:90:50:01:76', NULL, NULL, 1, 1, 1, '', NULL, NULL, '2020-09-01 16:07:32', NULL, NULL, 1),
(10, NULL, '', 1001, 2, '', '', NULL, NULL, NULL, NULL, '', ' 192.168.71.213', '  ', NULL, NULL, 1, 1, 1, '', NULL, NULL, '2020-09-01 16:07:32', NULL, NULL, 1),
(11, NULL, '', 1006, 4, '', '', NULL, NULL, NULL, NULL, '', ' 192.168.62.26 ', 'B8:27:EB:AC:53:10', NULL, NULL, NULL, NULL, 6, '', NULL, NULL, '2020-09-01 16:07:32', NULL, NULL, 1),
(12, NULL, '', 1006, 4, '', '', NULL, NULL, NULL, NULL, '', ' 192.168.62.28 ', 'B8:27:EB:5E:3B:D6', NULL, NULL, NULL, NULL, 6, '', NULL, NULL, '2020-09-01 16:07:32', NULL, NULL, 1),
(13, NULL, '', 1006, 4, '', '', NULL, NULL, NULL, NULL, '', ' 192.168.62.29 ', 'B8:27:EB:68:55:17', NULL, NULL, NULL, NULL, 6, '', NULL, NULL, '2020-09-01 16:07:32', NULL, NULL, 1),
(14, NULL, '', 1006, 4, '', '', NULL, NULL, NULL, NULL, '', ' 192.168.62.30 ', 'B8:27:EB:F8:D4:E7', NULL, NULL, NULL, NULL, 6, '', NULL, NULL, '2020-09-01 16:07:32', NULL, NULL, 1),
(15, NULL, '', 1006, 4, '', '', NULL, NULL, NULL, NULL, '', ' 192.168.62.31 ', 'B8:27:EB:2D:B6:9A', NULL, NULL, NULL, NULL, 6, '', NULL, NULL, '2020-09-01 16:07:32', NULL, NULL, 1),
(16, NULL, '', 1006, 4, '', '', NULL, NULL, NULL, NULL, '', ' 192.168.62.33 ', 'B8:27:EB:9D:57:3B', NULL, NULL, NULL, NULL, 6, '', NULL, NULL, '2020-09-01 16:07:32', NULL, NULL, 1),
(17, NULL, '', 1006, 2, '', '', NULL, NULL, NULL, NULL, '', ' 192.168.62.122', 'D0:27:88:91:5F:30', NULL, NULL, NULL, NULL, 6, '', NULL, NULL, '2020-09-01 16:07:32', NULL, NULL, 1),
(18, NULL, '', 1006, 2, '', '', NULL, NULL, NULL, NULL, '', ' 192.168.62.34 ', '98:FA:9B:29:90:75', NULL, NULL, NULL, NULL, 6, '', NULL, NULL, '2020-09-01 16:07:32', NULL, NULL, 1),
(19, NULL, '', 1006, 2, '', '', NULL, NULL, NULL, NULL, '', ' 192.168.62.37 ', '  ', NULL, NULL, NULL, NULL, 6, '', NULL, NULL, '2020-09-01 16:07:32', NULL, NULL, 1),
(20, NULL, '', 1006, 2, '', '', NULL, NULL, NULL, NULL, '', ' 192.168.62.25 ', '6C:4B:90:67:9F:40', NULL, NULL, NULL, NULL, 6, '', NULL, NULL, '2020-09-01 16:07:32', NULL, NULL, 1),
(21, NULL, '', 1002, 2, '', '', NULL, NULL, NULL, NULL, '', ' 192.168.12.25 ', '6C:4B:90:4F:F9:12', NULL, NULL, NULL, NULL, 2, '', NULL, NULL, '2020-09-01 16:07:32', NULL, NULL, 1),
(22, NULL, '', 1002, 2, '', '', NULL, NULL, NULL, NULL, '', ' 192.168.12.35 ', '  ', NULL, NULL, NULL, NULL, 2, '', NULL, NULL, '2020-09-01 16:07:32', NULL, NULL, 1),
(23, NULL, 'XXXX', 1002, 4, ' RASPBERRY ', ' PI 4', NULL, NULL, NULL, NULL, '', ' 192.168.12.29 ', 'B8:27:EB:8A:23:0F', '', NULL, NULL, NULL, 2, 'PISO 2', NULL, NULL, '2020-09-01 16:07:32', NULL, NULL, 1),
(24, NULL, 'XXXX', 1002, 4, ' RASPBERRY ', ' PI 4', NULL, NULL, NULL, NULL, '', ' 192.168.12.28 ', 'B8:27:EB:AE:15:56', '', NULL, NULL, NULL, 2, ' TOMA DE MUESTRA ', NULL, NULL, '2020-09-01 16:07:32', NULL, NULL, 1),
(25, NULL, '', 1002, 4, '', '', NULL, NULL, NULL, NULL, '', ' 192.168.12.100', 'B8:27:EB:63:99:84', NULL, NULL, NULL, NULL, 2, '', NULL, NULL, '2020-09-01 16:07:32', NULL, NULL, 1),
(26, NULL, 'XXXX', 1002, 4, ' RASPBERRY ', ' PI 4', NULL, NULL, NULL, NULL, '', ' 192.168.12.101', 'B8:27:EB:63:DA:CD', '', NULL, NULL, NULL, 2, 'PISO 1', NULL, NULL, '2020-09-01 16:07:32', NULL, NULL, 1),
(27, NULL, 'XXXX', 1006, 4, 'RASPBERRY PI FOUNDATION', 'PI 4', NULL, NULL, NULL, NULL, '', ' 192.168.16.26 ', 'B8:27:EB:0E:1E:B4', '', NULL, NULL, NULL, 4, 'PISO ?', NULL, '', '2020-09-01 16:07:32', NULL, NULL, 1),
(28, NULL, 'XXXXXXXXXXXXXX', 1006, 4, 'RASPBERRY PI FOUNDATION', 'PI 4', NULL, NULL, NULL, NULL, '', ' 192.168.16.28 ', 'B8:27:EB:29:73:D3', '', NULL, NULL, NULL, 4, 'PISO ?', NULL, '', '2020-09-01 16:07:32', NULL, NULL, 1),
(29, NULL, '', 1006, 2, '', '', NULL, NULL, NULL, NULL, '', ' 192.168.16.25 ', 'FC:3F:DB:0A:D2:32', NULL, NULL, NULL, NULL, 4, '', NULL, NULL, '2020-09-01 16:07:32', NULL, NULL, 1),
(30, NULL, '', 1006, 2, '', '', NULL, NULL, NULL, NULL, '', ' 192.168.16.30 ', '6C:4B:90:67:9F:6F', NULL, NULL, NULL, NULL, 4, '', NULL, NULL, '2020-09-01 16:07:32', NULL, NULL, 1),
(35, NULL, 'S1H03LKD', 1001, 1, 'LENOVO', 'THINKCENTRE ALL IN ONE', 1, 1, 1, NULL, 'INTEL(R) CORE(TM) I5-4460T CPU @ 1.90GHZ, 1901 MHZ', '192.168.71.75', '98-EE-CB-25-1F-C2', '465 562 426', 'Windows 10', 1, 1, 1, 'LINEA DE FRENTE MODULO 18', NULL, NULL, '2020-09-01 16:07:32', '2020-12-16 21:33:42', NULL, 1),
(48, 'VKK19559', 'MJ06PZFW', 1001, 1, 'LENOVO', 'M710Q', 8, 1, 20, 'V1AMAC-LF02', 'Intel(R) Core(TM) i5-7400T CPU @ 2.40GHz, 2400 Mhz', '192.168.71.123', '6C-4B-90-EA-67-3F', '791 415 611', 'Windows 10', 1, 1, 1, 'LINEA DE FRENTE MODULO 02', NULL, NULL, '2020-09-01 16:07:32', '2020-12-14 20:50:57', NULL, 1),
(49, 'VKK12986', 'MJ06PZKJ', 1001, 1, 'LENOVO', 'M710Q', 8, 1, 21, 'V1AMAC-LF08', 'Intel(R) Core(TM) i5-7400T CPU @ 2.40GHz, 2400 Mhz', '192.168.71.162', '6C-4B-90-EA-67-17', '929 589 135', 'Windows 10', 1, 1, 1, 'LINEA DE FRENTE MODULO 08', NULL, NULL, '2020-09-01 16:07:32', '2020-12-14 21:49:22', NULL, 1),
(50, 'VKK12995', 'MJ06PZHR', 1001, 1, 'LENOVO', 'M710Q DESKTOP (THINKCENTRE) - TYPE 10MR', NULL, NULL, NULL, NULL, 'Intel(R) Core(TM) i5-7400T CPU @ 2.40GHz, 2400 Mhz', '192.168.71.67', '6C-4B-90-52-50', '694 961 071', 'Windows 10', 1, 1, 1, 'CONSULTORIO 24', NULL, NULL, '2020-09-01 16:07:32', '2020-12-17 01:22:44', NULL, 1),
(51, NULL, 'MJ06PZFR', 1001, 1, 'LENOVO', 'M710Q', NULL, NULL, NULL, NULL, 'Intel(R) Core(TM) i5-7400T CPU @ 2.40GHz, 2400 Mhz', '192.168.71.180', '6C-4B-90-52-4F', '421662546', 'Windows 10', 1, 1, 1, 'CONSULTORIO 25', NULL, NULL, '2020-09-01 16:07:32', '2020-10-31 11:59:43', NULL, 1),
(116, 'VKK14556', 'PC0UF1HX', 1001, 1, 'LENOVO', 'V520S', 13, 1, 20, 'V1AMAC-CON01', NULL, '000.000.000.000', '00.00.00.00.00.00', NULL, 'WINDOWS 10', 1, 1, 1, 'CONSULTORIO 01', NULL, NULL, '2020-09-01 16:07:32', '2020-12-16 20:49:20', NULL, 1),
(117, NULL, 'PC0UF3CU', 1001, 1, 'LENOVO', 'V520S-08IKL', 1, 1, 1, 'V1AMAC-CON02', 'QUADCORE INTEL CORE I5-7400, 2979 MHZ', '192.168.71.167', '6C-4B-90-61-EB-BB', '453 476 656', 'Windows 10', 1, 1, 1, 'CONSULTORIO 02', NULL, NULL, '2020-09-01 16:07:32', '2020-12-16 20:57:04', NULL, 1),
(118, 'VKK05342', 'PC0UF3CN', 1001, 1, 'LENOVO', 'V520S', 13, 1, 20, 'V1AMAC-CON03', NULL, '', '', NULL, 'WINDOWS 10', 1, 1, 1, 'CONSULTORIO 03', NULL, NULL, '2020-09-01 16:07:32', '2020-12-16 20:55:51', NULL, 1),
(119, 'VKK05351', 'PC0UF3P6', 1001, 1, 'LENOVO', 'V520S', 13, 1, 20, 'V1AMAC-CON04', NULL, '000.000.000.000', '00.00.00.00.00.00', NULL, 'WINDOWS 10', 1, 1, 1, 'CONSULTORIO 04', NULL, NULL, '2020-09-01 16:07:32', '2020-12-16 21:03:08', NULL, 1),
(120, 'VKK05353', 'PC0UF3P4', 1001, 1, 'LENOVO', 'V520S', 13, 1, 20, 'V1AMAC-CON05', NULL, '000.000.000.000', '00.00.00.00.00.00', NULL, 'WINDOWS 10', 1, 1, 1, 'CONSULTORIO 05', NULL, NULL, '2020-09-01 16:07:32', '2020-12-16 21:06:09', NULL, 1),
(121, 'VKK44552', 'MJ06PZGB', 1001, 1, 'LENOVO', 'M710Q', 8, 1, 21, 'V1AMAC-CON07', NULL, '000.000.000.000', '00.00.00.00.00.00', NULL, 'WINDOWS 10', 1, 1, 1, 'CONSULTORIO 07', NULL, NULL, '2020-09-01 16:07:32', '2020-12-16 22:20:05', NULL, 1),
(122, 'VKK14562', 'MJ06PZJJ', 1001, 1, 'LENOVO', 'M710Q', 8, 1, 21, 'V1AMAC-CON08', NULL, '000.000.000.000', '00.00.00.00.00.00', NULL, 'WINDOWS 10', 1, 1, 1, 'CONSULTORIO 08', NULL, NULL, '2020-09-01 16:07:32', '2020-12-16 22:19:46', NULL, 1),
(123, 'VKK145039', 'MJ06PZG8', 1001, 1, 'LENOVO', 'M710Q', 8, 1, 21, 'V1AMAC-CON09', NULL, '000.000.000.000', '00.00.00.00.00.00', NULL, 'WINDOWS 10', 1, 1, 1, 'CONSULTORIO 09', NULL, NULL, '2020-09-01 16:07:32', '2020-12-16 22:21:09', NULL, 1),
(124, 'VKK14536', 'MJ06PZHH', 1001, 1, 'LENOVO', 'M710Q', 8, 1, 21, 'V1AMAC-CON10', NULL, '000.000.000.000', '00.00.00.00.00.00', NULL, 'WINDOWS 10', 1, 1, 1, 'CONSULTORIO 10', NULL, NULL, '2020-09-01 16:07:32', '2020-12-16 22:22:03', NULL, 1),
(125, 'VKK14547', ' MJ06PZGT ', 1001, 1, '', 'M710Q DESKTOP (THINKCENTRE) - TYPE 10MR', NULL, NULL, NULL, NULL, '', '', '', NULL, NULL, 1, 1, 1, ' consultorio11 ', NULL, NULL, '2020-09-01 16:07:32', '2020-12-17 01:22:44', NULL, 1),
(126, 'VKK12981', 'MJ06PZK1', 1001, 1, 'LENOVO', 'M710Q DESKTOP (THINKCENTRE) - TYPE 10MR', NULL, NULL, NULL, NULL, 'QuadCore Intel Core i5-7400T, 2400 MHz', '192.168.71.235', '6C-4B-90-52-4F-CE', '444 258 948', 'Windows 10', 1, 1, 1, 'consultorio12', NULL, NULL, '2020-09-01 16:07:32', '2020-12-17 01:22:44', NULL, 1),
(127, 'VKK13001', ' MJ06PZFH ', 1001, 1, '', 'M710Q DESKTOP (THINKCENTRE) - TYPE 10MR', NULL, NULL, NULL, NULL, '', '', '', NULL, NULL, 1, 1, 1, ' consultorio13 ', NULL, NULL, '2020-09-01 16:07:32', '2020-12-17 01:22:44', NULL, 1),
(128, 'VKK14176', ' MJ06PZFU ', 1001, 1, '', 'M710Q DESKTOP (THINKCENTRE) - TYPE 10MR', NULL, NULL, NULL, NULL, '', '', '', NULL, NULL, 1, 1, 1, ' consultorio14 ', NULL, NULL, '2020-09-01 16:07:32', '2020-12-17 01:22:44', NULL, 1),
(129, 'VKK14174', ' MJ06PZGG ', 1001, 1, '', 'M710Q DESKTOP (THINKCENTRE) - TYPE 10MR', NULL, NULL, NULL, NULL, '', '', '', NULL, NULL, 1, 1, 1, ' consultorio15 ', NULL, NULL, '2020-09-01 16:07:32', '2020-12-17 01:22:44', NULL, 1),
(130, 'VKK14550', ' MJ06PZJX ', 1001, 1, '', 'M710Q DESKTOP (THINKCENTRE) - TYPE 10MR', NULL, NULL, NULL, NULL, '', '', '', NULL, NULL, 1, 1, 1, ' consultorio16 ', NULL, NULL, '2020-09-01 16:07:32', '2020-12-17 01:22:44', NULL, 1),
(131, 'VKK14551', ' MJ06PZEV ', 1001, 1, '', 'M710Q DESKTOP (THINKCENTRE) - TYPE 10MR', NULL, NULL, NULL, NULL, '', '', '', NULL, NULL, 1, 1, 1, ' consultorio17 ', NULL, NULL, '2020-09-01 16:07:32', '2020-12-17 01:22:44', NULL, 1),
(132, 'VKK12984', ' MJ06PZKE ', 1001, 1, '', 'M710Q DESKTOP (THINKCENTRE) - TYPE 10MR', NULL, NULL, NULL, NULL, '', '', '', NULL, NULL, 1, 1, 1, ' consultorio19 ', NULL, NULL, '2020-09-01 16:07:32', '2020-12-17 01:22:44', NULL, 1),
(133, 'VKK14177', ' MJ06PZEB ', 1001, 1, '', 'M710Q DESKTOP (THINKCENTRE) - TYPE 10MR', NULL, NULL, NULL, NULL, '', '', '', NULL, NULL, 1, 1, 1, ' consultorio20 ', NULL, NULL, '2020-09-01 16:07:32', '2020-12-17 01:22:44', NULL, 1),
(134, 'VKK12990', ' MJ06PZKZ ', 1001, 1, '', 'M710Q DESKTOP (THINKCENTRE) - TYPE 10MR', NULL, NULL, NULL, NULL, '', '', '', NULL, NULL, 1, 1, 1, ' consultorio21 ', NULL, NULL, '2020-09-01 16:07:32', '2020-12-17 01:22:44', NULL, 1),
(135, 'VKK14565', ' MJ06PZJR ', 1001, 1, '', 'M710Q DESKTOP (THINKCENTRE) - TYPE 10MR', NULL, NULL, NULL, NULL, '', '', '', NULL, NULL, 1, 1, 1, ' consultorio23 ', NULL, NULL, '2020-09-01 16:07:32', '2020-12-17 01:22:44', NULL, 1),
(136, 'VKK14554', 'MJ06PZF8', 1001, 1, 'LENOVO', 'M710Q DESKTOP (THINKCENTRE) - TYPE 10MR', 8, 1, 21, 'V1AMAC-CON27', NULL, '000.000.000.000', '00-00-00-00-00-00', NULL, 'WINDOWS 10', 1, 1, 1, 'consultorio27', NULL, NULL, '2020-09-01 16:07:32', '2020-12-17 02:39:57', NULL, 1),
(137, 'VKK14543', 'MJ06PZHB', 1001, 1, 'LENOVO', 'M710Q DESKTOP (THINKCENTRE) - TYPE 10MR', 8, 1, 21, 'V1AMAC-CON28', NULL, '000.000.000.000', '00-00-00-00-00-00', NULL, 'WINDOWS 10', 1, 1, 1, 'consultorio28', NULL, NULL, '2020-09-01 16:07:32', '2020-12-17 02:41:12', NULL, 1),
(138, 'VKK14175', 'MJ06PZJG', 1001, 1, 'LENOVO', 'M710Q DESKTOP (THINKCENTRE) - TYPE 10MR', 8, 1, 21, 'V1AMAC-CON29', NULL, '000.000.000.000', '00-00-00-00-00-00', NULL, 'WINDOWS 10', 1, 1, 1, 'consultorio29', NULL, NULL, '2020-09-01 16:07:32', '2020-12-17 02:42:47', NULL, 1),
(139, 'VKK14548', 'MJ06PZH6', 1001, 1, 'LENOVO', 'M710Q DESKTOP (THINKCENTRE) - TYPE 10MR', 8, 1, 21, 'V1AMAC-CON30', NULL, '000.000.000.000', '00-00-00-00-00-00', NULL, 'WINDOWS 10', 1, 1, 1, 'consultorio30', NULL, NULL, '2020-09-01 16:07:32', '2020-12-17 02:44:56', NULL, 1),
(140, 'VKK145552', 'MJ06PZGS', 1001, 1, 'LENOVO', 'M710Q DESKTOP (THINKCENTRE) - TYPE 10MR', 8, 1, 21, 'V1AMAC-CON31', NULL, '000.000.000.000', '00-00-00-00-00-00', NULL, 'WINDOWS 10', 1, 1, 1, 'consultorio31', NULL, NULL, '2020-09-01 16:07:32', '2020-12-17 02:46:04', NULL, 1),
(141, 'VKK12999', 'MJ06PZG2', 1001, 1, 'LENOVO', 'M710Q DESKTOP (THINKCENTRE) - TYPE 10MR', 8, 1, 21, 'V1AMAC-CARDIO01', NULL, '000.000.000.000', '00-00-00-00-00-00', NULL, 'WINDOWS 10', 1, 1, 1, 'CONSULTORIO 32 CARDIOLOGIA', NULL, NULL, '2020-09-01 16:07:32', '2020-12-17 02:54:15', NULL, 1),
(142, 'VKK12986', 'MJ06PZKP', 1001, 1, 'LENOVO', 'M710Q DESKTOP (THINKCENTRE) - TYPE 10MR', 8, 1, 21, 'V1AMAC-CARDIO02', NULL, '000.000.000.000', '00-00-00-00-00-00', NULL, 'WINDOWS 10', 1, 1, 1, 'CONSULTORIO 32 CARDIOLOGIA', NULL, NULL, '2020-09-01 16:07:32', '2020-12-17 02:55:20', NULL, 1),
(143, NULL, ' YL002MN3 ', 1001, 1, '', '', NULL, NULL, NULL, NULL, '', '', '', NULL, NULL, 1, 1, 1, ' consultorio33 ', NULL, NULL, '2020-09-01 16:07:32', NULL, NULL, 1),
(144, NULL, ' MJ06PZ6K ', 1001, 1, '', '', NULL, NULL, NULL, NULL, '', '', '', NULL, NULL, 1, 1, 1, ' Modulo1 ', NULL, NULL, '2020-09-01 16:07:32', NULL, NULL, 1),
(145, '447 806 684', 'MJ06PZH8', 1001, 1, 'LENOVO', 'M710Q', 8, 1, 21, 'V1AMAC-LF04', 'INTEL(R) CORE(TM) I5-7400T CPU @ 2.40GHZ, 2400 MHZ', '192.168.71.55', '6C-4B-90-52-4E-EC', '447 806 684', 'WINDOWS 10', 1, 1, 1, 'LINEA DE FRENTE  MODULO4', NULL, NULL, '2020-09-01 16:07:32', '2020-12-14 21:14:30', NULL, 1),
(146, 'VKK14546', 'MJ06PZJ9', 1001, 1, 'LENOVO', 'M710Q', 6, 1, 21, 'V1AMAC-LF05', 'INTEL(R) CORE(TM) I5-7400T CPU @ 2.40GHZ', '192.168.71.95', '6C:4B:90:52:4E:CF', '532 473 284', 'WINDOWS 10', 1, 1, 1, 'LINEA DE FRENTE MODULO 5', NULL, NULL, '2020-09-01 16:07:32', '2020-12-14 21:19:36', NULL, 1),
(147, 'VKK12987', 'MJ06PZFN', 1001, 1, 'LENOVO', 'M710Q', 8, 1, 21, 'V1AMAC-LF06', 'INTEL(R) CORE(TM) I5-7400T CPU @ 2.40GHZ, 2400 MHZ, 4 PROCESADORES PRINCIPALES', '192.168.71.150', '6C-4B-90-52-50-AD', '822 827 099', 'WINDOWS 10', 1, 1, 1, 'LINEA DE FRENTE MODULO 6', NULL, NULL, '2020-09-01 16:07:32', '2020-12-14 21:24:19', NULL, 1),
(148, 'VKK14557', 'MJ06PZHJ', 1001, 1, 'LENOVO', 'M710Q', 8, 1, 21, 'V1AMAC-LF07', 'INTEL(R) CORE(TM) I5-7400T CPU @ 2.40GHZ', '192.168.71.247', '6C-4B-90-52-50-D', '943 743 071', 'WINDOWS 10', 1, 1, 1, 'LINEA DE FRENTE MODULO7', NULL, NULL, '2020-09-01 16:07:32', '2020-12-14 21:30:47', NULL, 1),
(149, NULL, ' MJ06PZK7 ', 1001, 1, '', '', NULL, NULL, NULL, NULL, '', '', '', NULL, NULL, 1, 1, 1, ' Modulo9 ', NULL, NULL, '2020-09-01 16:07:32', NULL, NULL, 1),
(150, 'VKK14540', 'MJ06PZH2', 1001, 1, 'LENOVO', 'M710Q', 8, 1, 21, 'V1AMAC-LF10', 'INTEL(R) CORE(TM) I5-7400T CPU @ 2.40GHZ', '192.168.71.104', '6C-4B-90-52-4F-21', '215 775 821', 'WINDOWS 10', 1, 1, 1, 'LINEA DE FRENTE MODULO10', NULL, 'BQMTU-018', '2020-09-01 16:07:32', '2020-12-14 22:22:13', NULL, 1),
(151, 'VKK12994', 'MJ06PZL4', 1001, 1, 'LENOVO', 'THINKCENTRE M710Q', 8, 1, 21, 'V1AMAC-LF11', 'INTEL CORE I5-7400T, 2400 MHZ QUADCORE', '192.168.71.100', '6C-4B-90-52-50-84', '696 059 473', 'Windows 10', 1, 1, 1, 'LINEA DE FRENTE MODULO 11', NULL, NULL, '2020-09-01 16:07:32', '2020-12-14 22:28:14', NULL, 1),
(154, NULL, ' MJ06PZF4 ', 1001, 1, '', '', NULL, NULL, NULL, NULL, '', '', '', NULL, NULL, 1, 1, 1, ' Modulo14 ', NULL, NULL, '2020-09-01 16:07:32', NULL, NULL, 1),
(155, NULL, ' MJ06PZHC ', 1001, 1, '', '', NULL, NULL, NULL, NULL, '', '', '', NULL, NULL, 1, 1, 1, ' Modulo15 ', NULL, NULL, '2020-09-01 16:07:32', NULL, NULL, 1),
(156, 'VKK12988', 'MJ06PZGA', 1001, 1, NULL, 'M710Q', 8, 1, 21, 'V1AMAC-LF09', 'INTEL(R) CORE(TM) I5-7400T CPU @ 2.40GHZ, 2400 MHZ', '192.168.71.65', '6C-4B-90-EA-67-D', '561 383 701', 'WINDOWS 10', 1, 1, 1, 'LINEA DE FRENTE MODULO 9', NULL, NULL, '2020-09-01 16:07:32', '2020-12-14 22:05:07', NULL, 1),
(157, NULL, ' MJ06PZHF ', 1001, 1, '', '', NULL, NULL, NULL, NULL, '', '', '', NULL, NULL, 1, 1, 1, ' Modulo17 ', NULL, NULL, '2020-09-01 16:07:32', NULL, NULL, 1),
(158, NULL, ' PC0UF3Q7 ', 1001, 1, '', '', NULL, NULL, NULL, NULL, '', '', '', NULL, NULL, 1, 1, 1, ' Modulo23 ', NULL, NULL, '2020-09-01 16:07:32', NULL, NULL, 1),
(159, NULL, ' MJ06APXK ', 1001, 1, '', '', NULL, NULL, NULL, NULL, '', '', '', NULL, NULL, 1, 1, 1, ' Modulo18 ', NULL, NULL, '2020-09-01 16:07:32', '2020-12-11 21:26:30', '2020-12-11 21:26:30', 0),
(160, NULL, '3CR52904FG', 1001, 1, 'HP', NULL, NULL, NULL, NULL, NULL, 'PROCESADOR	INTEL(R) CELERON(R) CPU  J1800  @ 2.41GHZ, 2408 MHZ, 2 PROCESADORES PRINCIPALES, 2 PROCESADORES LÓGICOS', '192.168.71.38', '00-71-C2-0B-2C-23', '286 432 688', 'WINDOWS 10', 1, 1, 1, 'LINEA DE FRENTE MODULO 1', NULL, NULL, '2020-09-01 16:07:32', '2020-11-10 07:27:11', NULL, 1),
(161, NULL, ' MJ07PZ6W ', 1001, 1, '', '', NULL, NULL, NULL, NULL, '', '', '', NULL, NULL, 1, 1, 1, ' odontologia1 ', NULL, NULL, '2020-09-01 16:07:32', NULL, NULL, 1),
(162, NULL, ' MJ06PZGW ', 1001, 1, '', '', NULL, NULL, NULL, NULL, '', '', '', NULL, NULL, 1, 1, 1, ' odontologia2 ', NULL, NULL, '2020-09-01 16:07:32', NULL, NULL, 1),
(163, NULL, ' YL002L9C ', 1001, 1, '', '', NULL, NULL, NULL, NULL, '', '', '', NULL, NULL, 1, 1, 1, ' odontologia3 ', NULL, NULL, '2020-09-01 16:07:32', NULL, NULL, 1),
(164, NULL, ' PC0UAXPA ', 1001, 1, '', '', NULL, NULL, NULL, NULL, '', '', '', NULL, NULL, 1, 1, 1, ' ECOGRAFIA ', NULL, NULL, '2020-09-01 16:07:32', NULL, NULL, 1),
(165, NULL, ' PC0UF3Z5 ', 1001, 1, '', '', NULL, NULL, NULL, NULL, '', '', '', NULL, NULL, 1, 1, 1, ' procedimiento ', NULL, NULL, '2020-09-01 16:07:32', NULL, NULL, 1),
(166, NULL, ' PC0UF3N4 ', 1001, 1, '', '', NULL, NULL, NULL, NULL, '', '', '', NULL, NULL, 1, 1, 1, ' FISIO TERAPIA ', NULL, NULL, '2020-09-01 16:07:32', NULL, NULL, 1),
(167, NULL, ' MJ06PZHK ', 1001, 1, '', '', NULL, NULL, NULL, NULL, '', '', '', NULL, NULL, 1, 1, 1, ' AUDITORIO ', NULL, NULL, '2020-09-01 16:07:32', NULL, NULL, 1),
(168, NULL, ' MJ06APWM ', 1001, 1, '', '', NULL, NULL, NULL, NULL, '', '', '', NULL, NULL, 1, 1, 1, ' ATRIL ', NULL, NULL, '2020-09-01 16:07:32', NULL, NULL, 1),
(169, NULL, 'MJ00VAYE', 1006, 1, 'LENOVO', 'THINKCENTRE M73', NULL, NULL, NULL, NULL, 'INTEL(R) CORE(TM) I3-4130 CPU @ 3.40GHZ, 3400 MHZ, 2 PROCESADORES PRINCIPALES, 4 PROCESADORES LÓGICOS', '192.168.16.75', '44-8A-5B-75-39-36', '550 791 024', 'Windows 10', NULL, NULL, 4, 'LINEA DE FRENTE MODULO 3', NULL, NULL, '2020-09-01 16:07:32', '2020-10-31 12:05:12', NULL, 1),
(170, NULL, 'S1H02QGN', 1006, 1, 'LENOVO', 'THINKCENTRE E73Z', NULL, NULL, NULL, NULL, 'DUALCORE INTEL CORE I3-4160, 3600 MHZ', '192.168.16.63', '98-EE-CB-15-12-FF', '278 779 528', 'Windows 10', NULL, NULL, 4, 'LINEA DE FRENTE MODULO 04 P2', NULL, NULL, '2020-09-01 16:07:32', '2020-10-31 12:06:00', NULL, 1),
(171, NULL, 'MJ00VAZ1', 1006, 1, 'LENOVO', 'THINKCENTRE M73', NULL, NULL, NULL, NULL, 'DUALCORE INTEL CORE I3-4130, 3400 MHZ', '192.168.16.60', '44-8A-5B-75-25-A9', '870 561 845', 'Windows 10', NULL, NULL, 4, 'LINEA DE FRENTE MODULO 05 P2', NULL, NULL, '2020-09-01 16:07:32', '2020-10-31 12:06:37', NULL, 1),
(172, NULL, 'MJ06APXK', 1001, 1, 'LENOVO', 'THINKCENTRE M710Q', 8, 1, 20, 'V1AMAC-LF13', 'DUALCORE INTEL CORE I3-6100T, 3200 MHZ', '192.168.71.83', '6C-4B-90-34-35-2F', '405 296 429', 'Windows 10', 1, 1, 1, 'LINEA DE FRENTE MODULO 13', NULL, NULL, '2020-09-01 16:07:32', '2020-12-11 21:07:49', NULL, 1),
(174, NULL, '', 1005, 4, ' RASPBERRY ', ' PI 4 ', NULL, NULL, NULL, NULL, '', ' 192.168.12.20 ', 'DC:A6:32:3D:4A:EF', NULL, NULL, NULL, NULL, 5, ' PISO 1 SALA 2 ', NULL, NULL, '2020-09-01 16:07:32', NULL, NULL, 1),
(175, NULL, '', 1005, 4, ' RASPBERRY ', ' PI 4 ', NULL, NULL, NULL, NULL, '', ' 192.168.12.30 ', 'DC:A6:32:0D:B2:45', NULL, NULL, NULL, NULL, 5, ' PISO 2 ', NULL, NULL, '2020-09-01 16:07:32', NULL, NULL, 1),
(195, NULL, 'MJ06PZG9', 1001, 1, 'LENOVO', 'THINKCENTRE M710Q', NULL, NULL, NULL, NULL, 'INTEL CORE I5-7400T, 2400 MHZ QUADCORE', '192.168.71.127', '6C-4B-90-52-4F-E3', '186 636 320', 'Windows 10', 1, 1, 1, 'LINEA DE FRENTE MODULO 12', NULL, NULL, '2020-09-01 16:07:32', '2020-10-31 12:09:31', NULL, 1),
(196, NULL, 'XXXXXXXXXXX', 1006, 4, 'RASPBERRY PI FOUNDATION', 'PI 4', NULL, NULL, NULL, NULL, '', '192.168.16.27', 'B8:27:EB:23:D6:2D', '', NULL, NULL, NULL, 4, 'PISO 1 ADMISIONES', NULL, '', '2020-09-01 16:07:32', NULL, NULL, 1),
(197, NULL, 'MJ00VAZ7', 1006, 1, 'LENOVO', 'THINKCENTRE M73', NULL, NULL, NULL, NULL, 'INTEL CORE I3-4130, 3400 MHZ DUALCORE', '192.168.16.74', '44-8A-5B-75-24-D7', '1 362 652', 'Windows 10', NULL, NULL, 4, 'CONSULTORIO 02 PISO 1', NULL, NULL, '2020-09-01 16:07:32', '2020-10-31 12:10:43', NULL, 1),
(198, NULL, 'MJ00VAYS', 1006, 1, 'LENOVO', 'THINKCENTRE M73', NULL, NULL, NULL, NULL, 'DUALCORE INTEL CORE I3-4130, 3400 MHZ', '192.168.16.73', '44-8A-5B-75-16-C4', '4 898 537', 'Windows 10', NULL, NULL, 4, 'CONSULTORIO 04 PISO 1', NULL, NULL, '2020-09-01 16:07:32', '2020-10-31 12:10:09', NULL, 1),
(234, NULL, ' PCOUF40H ', 1002, 1, ' LENOVO ', ' V520S ', NULL, NULL, NULL, NULL, '', '', '', NULL, NULL, NULL, NULL, 2, ' CONSULTORIO 1 - PISO 1 ', NULL, NULL, '2020-09-01 16:07:32', NULL, NULL, 1),
(235, NULL, ' MXL83511F7 ', 1002, 1, ' HP COMPAQ ', '  ', NULL, NULL, NULL, NULL, '', '', '', NULL, NULL, NULL, NULL, 2, ' CONSULTORIO 2 - PISO 1 ', NULL, NULL, '2020-09-01 16:07:32', NULL, NULL, 1),
(236, NULL, ' MJ06A4DR ', 1002, 1, ' LENOVO ', ' THINKCENTRE M71Q ', NULL, NULL, NULL, NULL, '', '', '', NULL, NULL, NULL, NULL, 2, ' CONSULTORIO 3 - PISO 1 ', NULL, NULL, '2020-09-01 16:07:32', NULL, NULL, 1),
(237, NULL, ' 11S30002049001019CV3RZ ', 1002, 1, ' LENOVO ', ' H220 ', NULL, NULL, NULL, NULL, '', '', '', NULL, NULL, NULL, NULL, 2, ' CONSULTORIO 4 - PISO 1 ', NULL, NULL, '2020-09-01 16:07:32', NULL, NULL, 1),
(238, NULL, ' L3E224 ', 1002, 1, ' LENOVO ', ' AD8 ', NULL, NULL, NULL, NULL, '', '', '', NULL, NULL, NULL, NULL, 2, ' CONSULTORIO 5 - PISO 1 ', NULL, NULL, '2020-09-01 16:07:32', NULL, NULL, 1),
(239, NULL, ' PCOUF1F3 ', 1002, 1, ' LENOVO ', ' V520S ', NULL, NULL, NULL, NULL, '', '', '', NULL, NULL, NULL, NULL, 2, ' CONSULTORIO 6 - PISO 1 ', NULL, NULL, '2020-09-01 16:07:32', NULL, NULL, 1),
(240, NULL, ' 30089568998 ', 1002, 1, ' DELL ', ' OPTIPLEX 3020 ', NULL, NULL, NULL, NULL, '', '', '', NULL, NULL, NULL, NULL, 2, ' CONSULTORIO 7 - PISO 1 ', NULL, NULL, '2020-09-01 16:07:32', NULL, NULL, 1),
(241, NULL, ' MXL0351VYS ', 1002, 1, ' HP COMPAQ ', ' 5008 MT ', NULL, NULL, NULL, NULL, '', '', '', NULL, NULL, NULL, NULL, 2, ' CONSULTORIO 8 - PISO 1 ', NULL, NULL, '2020-09-01 16:07:32', NULL, NULL, 1),
(242, NULL, ' L3E1350 ', 1002, 1, ' LENOVO ', ' AD8 ', NULL, NULL, NULL, NULL, '', '', '', NULL, NULL, NULL, NULL, 2, ' CONSULTORIO 9 - PISO 2 ', NULL, NULL, '2020-09-01 16:07:32', NULL, NULL, 1),
(243, NULL, ' L3E1102 ', 1002, 1, ' LENOVO ', ' AD8 ', NULL, NULL, NULL, NULL, '', '', '', NULL, NULL, NULL, NULL, 2, ' CONSULTORIO 10 - PISO 2 ', NULL, NULL, '2020-09-01 16:07:32', NULL, NULL, 1),
(244, NULL, ' L3E1124 ', 1002, 1, ' LENOVO ', ' AD8 ', NULL, NULL, NULL, NULL, '', '', '', NULL, NULL, NULL, NULL, 2, ' CONSULTORIO 11 - PISO 2 ', NULL, NULL, '2020-09-01 16:07:32', NULL, NULL, 1),
(245, NULL, ' L3E1100 ', 1002, 1, ' LENOVO ', ' AD8 ', NULL, NULL, NULL, NULL, '', '', '', NULL, NULL, NULL, NULL, 2, ' CONSULTORIO 12 - PISO 2 ', NULL, NULL, '2020-09-01 16:07:32', NULL, NULL, 1),
(246, NULL, ' L3E1159 ', 1002, 1, ' LENOVO ', ' AD8 ', NULL, NULL, NULL, NULL, '', '', '', NULL, NULL, NULL, NULL, 2, ' CONSULTORIO 13 - PISO 2 ', NULL, NULL, '2020-09-01 16:07:32', NULL, NULL, 1),
(247, NULL, ' MJ06LXHX ', 1002, 1, ' LENOVO ', ' THINKCENTRE M71Q ', NULL, NULL, NULL, NULL, '', '', '', NULL, NULL, NULL, NULL, 2, ' CONSULTORIO 14 - PISO 2 ', NULL, NULL, '2020-09-01 16:07:32', NULL, NULL, 1),
(248, NULL, ' L3E1332 ', 1002, 1, ' LENOVO ', ' AD8 ', NULL, NULL, NULL, NULL, '', '', '', NULL, NULL, NULL, NULL, 2, ' CONSULTORIO 15 - PISO 2 ', NULL, NULL, '2020-09-01 16:07:32', NULL, NULL, 1),
(249, NULL, ' CN04W34Y-70163 ', 1002, 1, ' DELL ', ' OPTIPLEX 3020 ', NULL, NULL, NULL, NULL, '', '', '', NULL, NULL, NULL, NULL, 2, ' LINEA DE FRENTE MOD 1 - PISO 1 ', NULL, NULL, '2020-09-01 16:07:32', NULL, NULL, 1),
(250, NULL, ' MJ018Y5C ', 1002, 1, ' LENOVO ', ' THINKCENTRE M73 ', NULL, NULL, NULL, NULL, '', '', '', NULL, NULL, NULL, NULL, 2, ' LINEA DE FRENTE MOD 2 - PISO 1 ', NULL, NULL, '2020-09-01 16:07:32', NULL, NULL, 1),
(251, NULL, ' MJ018Y5Y ', 1002, 1, ' LENOVO ', ' THINKCENTRE M73 ', NULL, NULL, NULL, NULL, '', '', '', NULL, NULL, NULL, NULL, 2, ' LINEA DE FRENTE MOD 3 - PISO 1 ', NULL, NULL, '2020-09-01 16:07:32', NULL, NULL, 1),
(252, NULL, ' 11S300020490010102434H ', 1002, 1, ' LENOVO ', ' LENOVO ', NULL, NULL, NULL, NULL, '', '', '', NULL, NULL, NULL, NULL, 2, ' LINEA DE FRENTE MOD 4 - PISO 1 ', NULL, NULL, '2020-09-01 16:07:32', NULL, NULL, 1),
(253, NULL, ' MJGVCHX ', 1002, 1, ' LENOVO ', ' THINKCENTRE M71E ', NULL, NULL, NULL, NULL, '', '', '', NULL, NULL, NULL, NULL, 2, ' LINEA DE FRENTE MOD 6 - PISO 2 ', NULL, NULL, '2020-09-01 16:07:32', NULL, NULL, 1),
(254, NULL, ' MJ068TUL ', 1002, 1, ' LENOVO ', ' THINKCENTRE M710Q ', NULL, NULL, NULL, NULL, '', '', '', NULL, NULL, NULL, NULL, 2, ' LINEA DE FRENTE MOD 7 - PISO 2 ', NULL, NULL, '2020-09-01 16:07:32', NULL, NULL, 1),
(255, NULL, ' MJ068TXF ', 1002, 1, ' LENOVO ', ' THINKCENTRE M710Q ', NULL, NULL, NULL, NULL, '', '', '', NULL, NULL, NULL, NULL, 2, ' LINEA DE FRENTE MOD 7 AUX - PISO 2 ', NULL, NULL, '2020-09-01 16:07:32', NULL, NULL, 1),
(256, NULL, ' YL005S3Z ', 1002, 1, ' LENOVO ', ' V530S ', NULL, NULL, NULL, NULL, '', '', '', NULL, NULL, NULL, NULL, 2, ' LINEA DE FRENTE MOD 8 - PISO 2 ', NULL, NULL, '2020-09-01 16:07:32', NULL, NULL, 1),
(257, NULL, ' YL002MWF ', 1002, 1, ' LENOVO ', ' V530S ', NULL, NULL, NULL, NULL, '', '', '', NULL, NULL, NULL, NULL, 2, ' LINEA DE FRENTE MOD 9 - PISO 2 ', NULL, NULL, '2020-09-01 16:07:32', NULL, NULL, 1),
(258, NULL, ' PCOUF40C ', 1002, 1, ' LENOVO ', ' V520S ', NULL, NULL, NULL, NULL, '', '', '', NULL, NULL, NULL, NULL, 2, ' LINEA DE FRENTE MOD 10 - PISO 2 ', NULL, NULL, '2020-09-01 16:07:32', NULL, NULL, 1),
(259, NULL, ' MJ06PCU6 ', 1002, 1, ' LENOVO ', ' THINKCENTRE M710Q ', NULL, NULL, NULL, NULL, '', '', '', NULL, NULL, NULL, NULL, 2, ' ATRIL TURNERO - PISO 1 ', NULL, NULL, '2020-09-01 16:07:32', NULL, NULL, 1),
(260, NULL, ' MJ05J7T3 ', 1002, 1, ' LENOVO ', ' THINKCENTRE M710Q ', NULL, NULL, NULL, NULL, '', '', '', NULL, NULL, NULL, NULL, 2, ' ATRIL LABORATORIO - PISO 1 ', NULL, NULL, '2020-09-01 16:07:32', NULL, NULL, 1),
(261, NULL, ' 30070813286 ', 1002, 1, ' DELL ', ' OPTIPLEX 3020 ', NULL, NULL, NULL, NULL, '', '', '', NULL, NULL, NULL, NULL, 2, ' SIAU - ATENCION AL USUARIO - PISO 1 ', NULL, NULL, '2020-09-01 16:07:32', NULL, NULL, 1),
(262, NULL, ' CSO1879098 ', 1002, 1, ' LENOVO ', ' ALL IN ONE 10150 ', NULL, NULL, NULL, NULL, '', '', '', NULL, NULL, NULL, NULL, 2, ' OFICINA ADMINISTRACION - PISO 2 ', NULL, NULL, '2020-09-01 16:07:32', NULL, NULL, 1),
(263, NULL, ' CSO1879177 ', 1002, 1, ' LENOVO ', ' ALL IN ONE 10151 ', NULL, NULL, NULL, NULL, '', '', '', NULL, NULL, NULL, NULL, 2, ' OFICINA ADMINISTRACION - PISO 2 ', NULL, NULL, '2020-09-01 16:07:32', NULL, NULL, 1),
(264, NULL, ' MJ00M57H ', 1002, 1, ' LENOVO ', ' THINKCENTRE M73 ', NULL, NULL, NULL, NULL, '', '', '', NULL, NULL, NULL, NULL, 2, ' CONSULTORIO DE VACUNACION - PISO 1 ', NULL, NULL, '2020-09-01 16:07:32', NULL, NULL, 1),
(265, NULL, ' MXL4090ND5 ', 1002, 1, ' HP COMPAQ ', ' PRO SFF ', NULL, NULL, NULL, NULL, '', '', '', NULL, NULL, NULL, NULL, 2, ' CONSULTORIO DE PROCEDIMIENTOS - PISO 1 ', NULL, NULL, '2020-09-01 16:07:32', NULL, NULL, 1),
(266, NULL, ' CNU0222RMH ', 1002, 3, ' HP ', ' HP420 ', NULL, NULL, NULL, NULL, '', '', '', NULL, NULL, NULL, NULL, 2, ' OFICINA ADMINISTRACION - PISO 2 ', NULL, NULL, '2020-09-01 16:07:32', NULL, NULL, 1),
(267, NULL, ' MJ05J7UH ', 1005, 1, ' LENOVO ', ' THINKCENTRE M710Q ', NULL, NULL, NULL, NULL, '', '', '', NULL, NULL, NULL, NULL, 5, ' CONSULTORIO 1 - PISO 1 ', NULL, NULL, '2020-09-01 16:07:32', NULL, NULL, 1),
(268, NULL, ' YL005RNN ', 1005, 1, ' LENOVO ', ' V530S ', NULL, NULL, NULL, NULL, '', '', '', NULL, NULL, NULL, NULL, 5, ' CONSULTORIO 2 - PISO 1 ', NULL, NULL, '2020-09-01 16:07:32', NULL, NULL, 1),
(269, NULL, ' YL005RMN ', 1005, 1, ' LENOVO ', ' V530S ', NULL, NULL, NULL, NULL, '', '', '', NULL, NULL, NULL, NULL, 5, ' CONSULTORIO 3 - PISO 1 ', NULL, NULL, '2020-09-01 16:07:32', NULL, NULL, 1),
(270, NULL, ' MJDVBYX ', 1005, 1, ' LENOVO ', ' THINKCENTRE M81 ', NULL, NULL, NULL, NULL, '', '', '', NULL, NULL, NULL, NULL, 5, ' CONSULTORIO 4 - PISO 1 ', NULL, NULL, '2020-09-01 16:07:32', NULL, NULL, 1),
(271, NULL, ' YL002L8E ', 1005, 1, ' LENOVO ', ' V530S ', NULL, NULL, NULL, NULL, '', '', '', NULL, NULL, NULL, NULL, 5, ' CONSULTORIO 5 - PISO 1 ', NULL, NULL, '2020-09-01 16:07:32', NULL, NULL, 1),
(272, NULL, ' MJDVBZB ', 1005, 1, ' LENOVO ', ' THINKCENTRE M81 ', NULL, NULL, NULL, NULL, '', '', '', NULL, NULL, NULL, NULL, 5, ' CONSULTORIO 6 - PISO 2 ', NULL, NULL, '2020-09-01 16:07:32', NULL, NULL, 1),
(273, NULL, ' S1H03LHE ', 1005, 1, ' LENOVO ', ' ALL IN ONE E73Z ', NULL, NULL, NULL, NULL, '', '', '', NULL, NULL, NULL, NULL, 5, ' CONSULTORIO 7 - PISO 2 ', NULL, NULL, '2020-09-01 16:07:32', NULL, NULL, 1),
(274, NULL, ' S1H01YDB ', 1005, 1, ' LENOVO ', ' ALL IN ONE E73Z ', NULL, NULL, NULL, NULL, '', '', '', NULL, NULL, NULL, NULL, 5, ' CONSULTORIO 8 - PISO 2 ', NULL, NULL, '2020-09-01 16:07:32', NULL, NULL, 1),
(275, NULL, ' MJ05HND ', 1005, 1, ' LENOVO ', ' THINKCENTRE M76E ', NULL, NULL, NULL, NULL, '', '', '', NULL, NULL, NULL, NULL, 5, ' CONSULTORIO 9- PISO 2 ', NULL, NULL, '2020-09-01 16:07:32', NULL, NULL, 1),
(276, NULL, ' S1H03LJF ', 1005, 1, ' LENOVO ', ' ALL IN ONE E73Z ', NULL, NULL, NULL, NULL, '', '', '', NULL, NULL, NULL, NULL, 5, ' CONSULTORIO 10- PISO 2 ', NULL, NULL, '2020-09-01 16:07:32', NULL, NULL, 1),
(277, NULL, ' VKC91160 ', 1005, 1, ' LENOVO ', ' THINKCENTRE M710Q ', NULL, NULL, NULL, NULL, '', '', '', NULL, NULL, NULL, NULL, 5, ' LINEA DE FRENTE - PISO 1 MOD1   ', NULL, NULL, '2020-09-01 16:07:32', NULL, NULL, 1),
(278, NULL, ' MJ450GT ', 1005, 1, ' LENOVO ', ' THINKCENTRE M72E ', NULL, NULL, NULL, NULL, '', '', '', NULL, NULL, NULL, NULL, 5, ' LINEA DE FRENTE - PISO 1 MOD2   ', NULL, NULL, '2020-09-01 16:07:32', NULL, NULL, 1),
(279, NULL, ' S5DMXYP ', 1005, 1, ' LENOVO ', ' THINCENTRE A70 ', NULL, NULL, NULL, NULL, '', '', '', NULL, NULL, NULL, NULL, 5, ' LINEA DE FRENTE - PISO 1  MOD3 ', NULL, NULL, '2020-09-01 16:07:32', NULL, NULL, 1),
(280, NULL, ' YL002M3A ', 1005, 1, ' LENOVO ', ' V530S ', NULL, NULL, NULL, NULL, '', '', '', NULL, NULL, NULL, NULL, 5, ' LINEA DE FRENTE - PISO  1 MOD4 IMAGENOLOGIA ', NULL, NULL, '2020-09-01 16:07:32', NULL, NULL, 1),
(281, NULL, ' YL002M80 ', 1005, 1, ' LENOVO ', ' V530S ', NULL, NULL, NULL, NULL, '', '', '', NULL, NULL, NULL, NULL, 5, ' LINEA DE FRENTE - PISO  1 MOD5 ', NULL, NULL, '2020-09-01 16:07:32', NULL, NULL, 1),
(282, NULL, ' MJ06A4D9 ', 1005, 1, ' LENOVO ', ' THINKCENTRE M710Q ', NULL, NULL, NULL, NULL, '', '', '', '541702311', NULL, NULL, NULL, 5, ' ATENCION AL USUARIO - PISO  1 SIAU ', NULL, NULL, '2020-09-01 16:07:32', NULL, NULL, 1),
(283, NULL, ' YL002M80 ', 1005, 1, ' LENOVO ', ' V530S ', NULL, NULL, NULL, NULL, '', '', '', NULL, NULL, NULL, NULL, 5, ' FARMACIA CAJACOPI - PISO 1 ', NULL, NULL, '2020-09-01 16:07:32', NULL, NULL, 1),
(284, NULL, ' MJGVHBV ', 1005, 1, ' LENOVO ', ' THINKCENTRE ', NULL, NULL, NULL, NULL, '', '', '', NULL, NULL, NULL, NULL, 5, ' FISIOTERAPIA - PISO 1 ', NULL, NULL, '2020-09-01 16:07:32', NULL, NULL, 1),
(285, NULL, ' S1H03LH4 ', 1005, 1, ' LENOVO ', ' ALL IN ONE E73Z ', NULL, NULL, NULL, NULL, '', '', '', NULL, NULL, NULL, NULL, 5, ' ECOGRAFIA - PISO 1 ', NULL, NULL, '2020-09-01 16:07:32', NULL, NULL, 1),
(286, NULL, ' MJ030DL3 ', 1005, 1, ' LENOVO ', ' WORKSTATION P300 ', NULL, NULL, NULL, NULL, '', '', '', NULL, NULL, NULL, NULL, 5, ' RAYOS X - PISO 1 ', NULL, NULL, '2020-09-01 16:07:32', NULL, NULL, 1),
(287, NULL, ' YL005RWM ', 1005, 1, ' LENOVO ', ' V530S ', NULL, NULL, NULL, NULL, '', '', '', NULL, NULL, NULL, NULL, 5, ' ODONTOLOGIA - PISO 1 ', NULL, NULL, '2020-09-01 16:07:32', NULL, NULL, 1),
(288, NULL, ' MJGVHBG ', 1005, 1, ' LENOVO ', ' THINKCENTRE M71E ', NULL, NULL, NULL, NULL, '', '', '', NULL, NULL, NULL, NULL, 5, ' AUDITORIO - PISO 1 ', NULL, NULL, '2020-09-01 16:07:32', NULL, NULL, 1),
(289, NULL, ' MJ05UPRN ', 1005, 1, ' LENOVO ', ' THINKCENTRE M710Q ', NULL, NULL, NULL, NULL, '', '', '', NULL, NULL, NULL, NULL, 5, ' CIRUGIA - PISO 2 ', NULL, NULL, '2020-09-01 16:07:32', NULL, NULL, 1),
(290, NULL, ' S1H01XNV ', 1005, 1, ' LENOVO ', ' ALL IN ONE E73Z ', NULL, NULL, NULL, NULL, '', '', '', NULL, NULL, NULL, NULL, 5, ' ADMINISTRACION - PISO 2 ', NULL, NULL, '2020-09-01 16:07:32', NULL, NULL, 1),
(291, NULL, ' PB-0368K1 ', 1005, 3, ' LENOVO ', ' LAPTOP THINKPAD X240 ', NULL, NULL, NULL, NULL, '', '', '', NULL, NULL, NULL, NULL, 5, ' OFICINA DIRECTOR - PISO 2 ', NULL, NULL, '2020-09-01 16:07:32', NULL, NULL, 1),
(292, NULL, ' S1H01YLW ', 1005, 1, ' LENOVO ', ' ALL IN ONE E73Z ', NULL, NULL, NULL, NULL, '', '', '', NULL, NULL, NULL, NULL, 5, ' IMAGENOLOGIA - PISO 2 ', NULL, NULL, '2020-09-01 16:07:32', NULL, NULL, 1),
(293, NULL, ' PF-QFX396 ', 1005, 3, ' LENOVO ', ' LAPTOP THINKPAD E470 ', NULL, NULL, NULL, NULL, '', '', '', NULL, NULL, NULL, NULL, 5, ' ENFERMERA - PISO 2 ', NULL, NULL, '2020-09-01 16:07:32', NULL, NULL, 1),
(294, NULL, ' PF-107PUT ', 1005, 3, ' LENOVO ', ' LAPTOP THINKPAD E470 ', NULL, NULL, NULL, NULL, '', '', '', NULL, NULL, NULL, NULL, 5, ' QUIMICO – PISO 2 ', NULL, NULL, '2020-09-01 16:07:32', NULL, NULL, 1),
(295, NULL, ' S1H02RRT ', 1005, 1, ' LENOVO ', ' ALL IN ONE E73Z ', NULL, NULL, NULL, NULL, '', '', '', NULL, NULL, NULL, NULL, 5, ' VIVA1A IPS - CALLE 30 ', NULL, NULL, '2020-09-01 16:07:32', NULL, NULL, 1),
(296, NULL, ' S1H02K65 ', 1005, 1, ' LENOVO ', ' ALL IN ONE E73Z ', NULL, NULL, NULL, NULL, '', '', '', NULL, NULL, NULL, NULL, 5, ' VIVA1A IPS - CALLE 30 ', NULL, NULL, '2020-09-01 16:07:32', NULL, NULL, 1),
(297, NULL, ' MJ06A4DR ', 1005, 1, ' LENOVO ', ' THINKCENTRE M710Q ', NULL, NULL, NULL, NULL, '', '', '', NULL, NULL, NULL, NULL, 5, ' VIVA1A IPS - CALLE 30 ', NULL, NULL, '2020-09-01 16:07:32', NULL, NULL, 1),
(298, NULL, ' MJGVKHX ', 1005, 1, ' LENOVO ', ' THINKCENTRE M71E ', NULL, NULL, NULL, NULL, '', '', '', NULL, NULL, NULL, NULL, 5, ' VIVA1A IPS - CALLE 30 ', NULL, NULL, '2020-09-01 16:07:32', NULL, NULL, 1),
(299, NULL, ' MJ00M576 ', 1005, 1, ' LENOVO ', ' THINKCENTRE M71E ', NULL, NULL, NULL, NULL, '', '', '', NULL, NULL, NULL, NULL, 5, ' VIVA1A IPS - CALLE 30 ', NULL, NULL, '2020-09-01 16:07:32', NULL, NULL, 1),
(300, NULL, ' MJ04RYU3 ', 1006, 1, ' LENOVO ', '', NULL, NULL, NULL, NULL, '', '', '', NULL, NULL, NULL, NULL, 6, ' MODULO 4 ', NULL, NULL, '2020-09-01 16:07:32', NULL, NULL, 1),
(301, NULL, ' MJ04RYUJ ', 1006, 1, ' LENOVO ', '', NULL, NULL, NULL, NULL, '', '', '', NULL, NULL, NULL, NULL, 6, ' MODULO 5 ', NULL, NULL, '2020-09-01 16:07:32', NULL, NULL, 1),
(302, NULL, ' PC0UF3CV ', 1006, 1, ' LENOVO ', '', NULL, NULL, NULL, NULL, '', '', '', NULL, NULL, NULL, NULL, 6, ' MODULO 1 ', NULL, NULL, '2020-09-01 16:07:32', NULL, NULL, 1),
(303, NULL, ' PC035CCB ', 1006, 1, ' LENOVO ', '', NULL, NULL, NULL, NULL, '', '', '', NULL, NULL, NULL, NULL, 6, ' MODULO 1 imagenologia ', NULL, NULL, '2020-09-01 16:07:32', NULL, NULL, 1),
(304, NULL, ' PC0UHA5G ', 1006, 1, ' LENOVO ', '', NULL, NULL, NULL, NULL, '', '', '', NULL, NULL, NULL, NULL, 6, ' MODULO 2 imagenologia ', NULL, NULL, '2020-09-01 16:07:32', NULL, NULL, 1),
(305, NULL, ' PC0UF1K1 ', 1006, 1, ' LENOVO ', '', NULL, NULL, NULL, NULL, '', '', '', NULL, NULL, NULL, NULL, 6, ' TRANSCRIPCION DE RAYOS X ', NULL, NULL, '2020-09-01 16:07:32', NULL, NULL, 1),
(306, NULL, ' MJ030DKY ', 1006, 1, ' LENOVO ', '', NULL, NULL, NULL, NULL, '', '', '', NULL, NULL, NULL, NULL, 6, ' RAYOS X ', NULL, NULL, '2020-09-01 16:07:32', NULL, NULL, 1),
(307, NULL, ' MJ04RYVB ', 1006, 1, ' LENOVO ', '', NULL, NULL, NULL, NULL, '', '', '', NULL, NULL, NULL, NULL, 6, ' FISIOTERAPIA ', NULL, NULL, '2020-09-01 16:07:32', NULL, NULL, 1),
(308, NULL, ' PF018APF ', 1006, 1, ' LENOVO ', '', NULL, NULL, NULL, NULL, '', '', '', NULL, NULL, NULL, NULL, 6, ' FISIOTERAPIA ', NULL, NULL, '2020-09-01 16:07:32', NULL, NULL, 1),
(309, NULL, ' 13589 ', 1006, 1, ' LENOVO ', '', NULL, NULL, NULL, NULL, '', '', '', NULL, NULL, NULL, NULL, 6, ' CONSULTORIO 101 ', NULL, NULL, '2020-09-01 16:07:32', NULL, NULL, 1),
(310, NULL, ' MJ05FCU9 ', 1006, 1, ' LENOVO ', '', NULL, NULL, NULL, NULL, '', '', '', NULL, NULL, NULL, NULL, 6, ' CONSULTORIO 102 ', NULL, NULL, '2020-09-01 16:07:32', NULL, NULL, 1),
(311, NULL, ' PC0UF3P7 ', 1006, 1, ' LENOVO ', '', NULL, NULL, NULL, NULL, '', '', '', NULL, NULL, NULL, NULL, 6, ' MODULO SALA PAC ', NULL, NULL, '2020-09-01 16:07:32', NULL, NULL, 1),
(312, NULL, ' MJ04RYV1 ', 1006, 1, ' LENOVO ', '', NULL, NULL, NULL, NULL, '', '', '', NULL, NULL, NULL, NULL, 6, ' VACUNACION ', NULL, NULL, '2020-09-01 16:07:32', NULL, NULL, 1),
(313, NULL, ' PC0UF1ES ', 1006, 1, ' LENOVO ', '', NULL, NULL, NULL, NULL, '', '', '', NULL, NULL, NULL, NULL, 6, ' CONSULTORIO 103 ', NULL, NULL, '2020-09-01 16:07:32', NULL, NULL, 1),
(314, NULL, ' MJ04RYUY ', 1006, 1, ' LENOVO ', '', NULL, NULL, NULL, NULL, '', '', '', NULL, NULL, NULL, NULL, 6, ' CITOLOGIA ', NULL, NULL, '2020-09-01 16:07:32', NULL, NULL, 1),
(315, NULL, ' MJ05FCSD ', 1006, 1, ' LENOVO ', '', NULL, NULL, NULL, NULL, '', '', '', NULL, NULL, NULL, NULL, 6, ' CONSULTORIO 104 ', NULL, NULL, '2020-09-01 16:07:32', NULL, NULL, 1),
(316, NULL, ' MJ05FCS8 ', 1006, 1, ' LENOVO ', '', NULL, NULL, NULL, NULL, '', '', '', NULL, NULL, NULL, NULL, 6, ' CONSULTORIO 105 ', NULL, NULL, '2020-09-01 16:07:32', NULL, NULL, 1),
(317, NULL, ' MJ05FCT4 ', 1006, 1, ' LENOVO ', '', NULL, NULL, NULL, NULL, '', '', '', NULL, NULL, NULL, NULL, 6, ' CONSULTORIO 106 ', NULL, NULL, '2020-09-01 16:07:32', NULL, NULL, 1),
(318, NULL, ' MJ002T6L ', 1006, 1, ' LENOVO ', '', NULL, NULL, NULL, NULL, '', '', '', NULL, NULL, NULL, NULL, 6, ' CONSULTORIO 107 ', NULL, NULL, '2020-09-01 16:07:32', NULL, NULL, 1),
(319, NULL, ' MJ04RYUF ', 1006, 1, ' LENOVO ', '', NULL, NULL, NULL, NULL, '', '', '', NULL, NULL, NULL, NULL, 6, ' consultorio 200 ', NULL, NULL, '2020-09-01 16:07:32', NULL, NULL, 1),
(320, NULL, ' MJ04RYUH ', 1006, 1, ' LENOVO ', '', NULL, NULL, NULL, NULL, '', '', '', NULL, NULL, NULL, NULL, 6, ' consultorio 201 ', NULL, NULL, '2020-09-01 16:07:32', NULL, NULL, 1),
(321, NULL, ' YL002MUB ', 1006, 1, ' LENOVO ', '', NULL, NULL, NULL, NULL, '', '', '', NULL, NULL, NULL, NULL, 6, ' consultorio 202 ', NULL, NULL, '2020-09-01 16:07:32', NULL, NULL, 1),
(322, NULL, ' YL002N49 ', 1006, 1, ' LENOVO ', '', NULL, NULL, NULL, NULL, '', '', '', NULL, NULL, NULL, NULL, 6, ' consultorio 203 ', NULL, NULL, '2020-09-01 16:07:32', NULL, NULL, 1),
(323, NULL, ' PC035CBF ', 1006, 1, ' LENOVO ', '', NULL, NULL, NULL, NULL, '', '', '', NULL, NULL, NULL, NULL, 6, ' consultorio 204 ', NULL, NULL, '2020-09-01 16:07:32', NULL, NULL, 1),
(324, NULL, ' PC035CD0 ', 1006, 1, ' LENOVO ', '', NULL, NULL, NULL, NULL, '', '', '', NULL, NULL, NULL, NULL, 6, ' consultorio 205 ', NULL, NULL, '2020-09-01 16:07:32', NULL, NULL, 1),
(325, NULL, ' MJ04RYU8 ', 1006, 1, ' LENOVO ', '', NULL, NULL, NULL, NULL, '', '', '', NULL, NULL, NULL, NULL, 6, ' consultorio 206 ', NULL, NULL, '2020-09-01 16:07:32', NULL, NULL, 1),
(326, NULL, ' MJ04RYV4 ', 1006, 1, ' LENOVO ', '', NULL, NULL, NULL, NULL, '', '', '', NULL, NULL, NULL, NULL, 6, ' consultorio 207 ', NULL, NULL, '2020-09-01 16:07:32', NULL, NULL, 1),
(327, NULL, ' MJ04RYU5 ', 1006, 1, ' LENOVO ', '', NULL, NULL, NULL, NULL, '', '', '', NULL, NULL, NULL, NULL, 6, ' consultorio 208 ', NULL, NULL, '2020-09-01 16:07:32', NULL, NULL, 1),
(328, NULL, ' MX2292NW ', 1006, 1, ' LENOVO ', '', NULL, NULL, NULL, NULL, '', '', '', NULL, NULL, NULL, NULL, 6, ' consultorio 209 ', NULL, NULL, '2020-09-01 16:07:32', NULL, NULL, 1),
(329, NULL, ' YL002MQ3 ', 1006, 1, ' LENOVO ', '', NULL, NULL, NULL, NULL, '', '', '', NULL, NULL, NULL, NULL, 6, ' consultorio 210 ', NULL, NULL, '2020-09-01 16:07:32', NULL, NULL, 1),
(330, NULL, ' PCOUF1EW ', 1006, 1, ' LENOVO ', '', NULL, NULL, NULL, NULL, '', '', '', NULL, NULL, NULL, NULL, 6, ' consultorio 211 ', NULL, NULL, '2020-09-01 16:07:32', NULL, NULL, 1),
(331, NULL, ' PCOUF3CW ', 1006, 1, ' LENOVO ', '', NULL, NULL, NULL, NULL, '', '', '', NULL, NULL, NULL, NULL, 6, ' consultorio 212 ', NULL, NULL, '2020-09-01 16:07:32', NULL, NULL, 1),
(332, NULL, ' PCOUF3PB ', 1006, 1, ' LENOVO ', '', NULL, NULL, NULL, NULL, '', '', '', NULL, NULL, NULL, NULL, 6, ' consultorio 213 ', NULL, NULL, '2020-09-01 16:07:32', NULL, NULL, 1),
(333, NULL, ' PCO38V6 ', 1006, 1, ' LENOVO ', '', NULL, NULL, NULL, NULL, '', '', '', NULL, NULL, NULL, NULL, 6, ' odontologia  1 ', NULL, NULL, '2020-09-01 16:07:32', NULL, NULL, 1),
(334, NULL, ' PCO35CBH ', 1006, 1, ' LENOVO ', '', NULL, NULL, NULL, NULL, '', '', '', NULL, NULL, NULL, NULL, 6, ' odontologia  2 ', NULL, NULL, '2020-09-01 16:07:32', NULL, NULL, 1),
(335, NULL, ' PCO338X1 ', 1006, 1, ' LENOVO ', '', NULL, NULL, NULL, NULL, '', '', '', NULL, NULL, NULL, NULL, 6, ' odontologia  3 ', NULL, NULL, '2020-09-01 16:07:32', NULL, NULL, 1),
(336, NULL, ' MJ018Y6K ', 1006, 1, ' LENOVO ', '', NULL, NULL, NULL, NULL, '', '', '', NULL, NULL, NULL, NULL, 6, ' odontologia  4 ', NULL, NULL, '2020-09-01 16:07:32', NULL, NULL, 1),
(337, NULL, ' MJ05FCTC ', 1006, 1, ' LENOVO ', '', NULL, NULL, NULL, NULL, '', '', '', NULL, NULL, NULL, NULL, 6, ' odontologia  5 ', NULL, NULL, '2020-09-01 16:07:32', NULL, NULL, 1),
(338, NULL, ' MJ04RYU2 ', 1006, 1, ' LENOVO ', '', NULL, NULL, NULL, NULL, '', '', '', NULL, NULL, NULL, NULL, 6, ' odontologia  ', NULL, NULL, '2020-09-01 16:07:32', NULL, NULL, 1),
(339, NULL, ' REGISTRADO SIN SERIAL ', 1006, 1, ' LENOVO ', '', NULL, NULL, NULL, NULL, '', '', '', NULL, NULL, NULL, NULL, 6, ' consultorio300 ', NULL, NULL, '2020-09-01 16:07:32', NULL, NULL, 1),
(340, NULL, ' YL002MJ1 ', 1006, 1, ' LENOVO ', '', NULL, NULL, NULL, NULL, '', '', '', NULL, NULL, NULL, NULL, 6, ' consultorio301 ', NULL, NULL, '2020-09-01 16:07:32', NULL, NULL, 1),
(341, NULL, ' REGISTRADO SIN SERIAL ', 1006, 1, ' LENOVO ', '', NULL, NULL, NULL, NULL, '', '', '', NULL, NULL, NULL, NULL, 6, ' consultorio302 ', NULL, NULL, '2020-09-01 16:07:32', NULL, NULL, 1),
(342, NULL, ' YL002MU9 ', 1006, 1, ' LENOVO ', '', NULL, NULL, NULL, NULL, '', '', '', NULL, NULL, NULL, NULL, 6, ' consultorio303 ', NULL, NULL, '2020-09-01 16:07:32', NULL, NULL, 1),
(343, NULL, ' YL002MHT ', 1006, 1, ' LENOVO ', '', NULL, NULL, NULL, NULL, '', '', '', NULL, NULL, NULL, NULL, 6, ' consultorio304 ', NULL, NULL, '2020-09-01 16:07:32', NULL, NULL, 1),
(344, NULL, ' YL002MJ7 ', 1006, 1, ' LENOVO ', '', NULL, NULL, NULL, NULL, '', '', '', NULL, NULL, NULL, NULL, 6, ' consultorio305 ', NULL, NULL, '2020-09-01 16:07:32', NULL, NULL, 1),
(345, NULL, ' YL002M7Q ', 1006, 1, ' LENOVO ', '', NULL, NULL, NULL, NULL, '', '', '', NULL, NULL, NULL, NULL, 6, ' consultorio306 ', NULL, NULL, '2020-09-01 16:07:32', NULL, NULL, 1),
(346, NULL, 'NO REGISTRA', NULL, 1, 'LENOVO', NULL, NULL, NULL, NULL, NULL, 'INTEL(R) CORE(TM) I3-4130 CPU @ 3.40GHZ, 3400 MHZ, 2 PROCESADORES PRINCIPALES, 4 PROCESADORES LÓGICOS', '192.168.16.113', '44-8A-5B-75-2B-59', '9 555 153', NULL, NULL, NULL, 4, 'AUDITORIO', NULL, NULL, '2020-10-31 12:16:55', '2020-10-31 12:16:55', NULL, 1),
(347, NULL, 'PF1X8VQW', NULL, 3, 'LENOVO', 'THINKPAD E495', NULL, NULL, NULL, NULL, 'AMD RYZEN 5 3500U WITH RADEON VEGA MOBILE GFX', '192.168.71.114', 'F8:75:A4:91:7B:1F', NULL, NULL, NULL, NULL, 1, 'OFICINA DIRECCIÓN MEDICA', NULL, 'PORTATIL C.MEDICO\r\nV1AMAC-DMEDJM', '2020-11-04 10:48:20', '2020-11-04 10:48:20', NULL, 1),
(353, NULL, 'Dolor et reiciendis', NULL, 4, 'Kevin Lindsay', 'Inventore non numqua', NULL, NULL, NULL, 'Hector Noble', 'Occaecat aliquid sap', '192.168.71.102', '6C-4B-90-CE-5A-EC', 'Et praesentium dolor', 'In aut excepturi sin', 1, NULL, 14, 'Eos libero quis dolo', NULL, 'Quidem sed molestias voluptatem corrupti eum vero ipsa architecto qui aut laudantium nihil quia tempora doloremque eos et itaque', '2020-12-03 18:49:25', '2020-12-03 18:49:52', '2020-12-03 18:49:52', 0),
(354, NULL, 'Deserunt doloremque', NULL, 3, 'Cleo Rowland', 'Molestias qui nisi a', NULL, NULL, NULL, 'Oprah Browning', 'Non esse ipsam animi', '192.168.71.102', '6C-4B-90-CE-5A-EC', 'Voluptatem Qui magn', 'In nulla ut aut atqu', 1, NULL, 15, 'Doloremque aut do eo', NULL, 'Et ipsum reprehenderit culpa aut', '2020-12-03 18:50:24', '2020-12-03 18:50:29', '2020-12-03 18:50:29', 1),
(355, NULL, 'Dolore expedita aliq', NULL, 3, 'Rama Russell', 'Aliquip quod aliquid', NULL, NULL, NULL, 'Charity Walsh', 'Laborum sunt est et', '192.168.71.240', '6C-4B-90-CE-5A-EC', 'Aliquip sed aliqua', 'Voluptatum eveniet', 1, NULL, 13, 'Veniam incidunt do', NULL, NULL, '2020-12-03 18:54:09', '2020-12-03 18:54:20', '2020-12-03 18:54:20', 0),
(356, NULL, 'Aut voluptate quos q', NULL, 4, 'Kadeem Fuentes', 'Amet rerum id quae', NULL, NULL, NULL, 'Aurelia Horn', 'Eu est sunt dolor e', '192.168.71.240', '6C-4B-90-CE-5A-EC', 'Aute blanditiis ut d', 'Architecto irure dol', 1, NULL, 12, 'Nulla repudiandae es', NULL, 'Amet culpa ex eum ea sequi in sed', '2020-12-03 21:05:50', '2020-12-03 21:08:09', '2020-12-03 21:08:09', 0),
(357, NULL, 'Enim cupidatat beata', NULL, 2, 'Tatum Guerra', 'Molestiae architecto', NULL, NULL, NULL, 'Helen Buckner', 'Ea delectus ipsam s', '192.168.71.102', '6C-4B-90-CE-5A-EC', 'Quis et earum offici', 'Vel eos voluptatem', 3, NULL, 12, 'Dolor consectetur r', NULL, 'Id maxime commodo vitae nulla laudantium explicabo Dolore quasi accusamus unde quas', '2020-12-03 21:08:04', '2020-12-03 21:08:06', '2020-12-03 21:08:07', 0),
(358, NULL, 'Ducimus eiusmod min', NULL, 4, 'Illiana Alford', 'Assumenda porro quia', NULL, NULL, NULL, 'Hanna Freeman', 'Quaerat quis commodo', '192.168.80.146', '6C-4B-90-CE-5A-7U', 'Eiusmod dolorum aut', 'Veniam aut veniam', 1, NULL, 17, 'Ut perferendis eaque', NULL, 'Voluptas est quos ut laboriosam sapiente velit eveniet quasi voluptas qui dolore veniam', '2020-12-04 17:40:18', '2020-12-04 17:40:25', '2020-12-04 17:40:25', 1),
(359, NULL, 'Ducimus reprehender', NULL, 2, 'Fleur Bishop', 'Amet ipsam eu ad pe', NULL, NULL, NULL, 'Emily Reid', 'Numquam fuga Et dol', '192.168.71.102', '6C-4B-90-CE-5A-EC', 'Placeat unde facere', 'Ea officia nulla vol', 1, NULL, 12, 'Quia consequatur est', NULL, NULL, '2020-12-04 17:47:38', '2020-12-04 17:50:03', '2020-12-04 17:50:03', 0),
(360, NULL, 'Eum aliquam quod ist', NULL, 3, 'Cassady Walters', 'Quia adipisicing com', NULL, NULL, NULL, 'Barrett Pace', 'Unde quam reprehende', '192.168.71.102', '6C-4B-90-CE-5A-EC', 'Consequat Odit in n', 'Cupidatat aspernatur', 1, NULL, 12, 'Exercitation illo de', NULL, 'Nam voluptatum sit voluptas quis sed amet molestias iusto aut qui minima deserunt sit quia', '2020-12-04 17:49:57', '2020-12-04 17:50:01', '2020-12-04 17:50:01', 0),
(361, NULL, 'Iusto exercitationem', NULL, 1, 'Colton Hurley', 'Nihil sed adipisci a', NULL, NULL, NULL, 'Laurel Salazar', 'Id ex ut eiusmod ver', '192.168.71.102', '6C-4B-90-CE-5A-EC', 'Et cupiditate itaque', 'Non repudiandae eum', 6, NULL, 6, 'Et dolor incidunt u', NULL, 'Autem nobis consectetur omnis omnis vel ex qui', '2020-12-04 19:49:39', '2020-12-04 19:49:46', '2020-12-04 19:49:46', 0),
(362, NULL, 'MJ071DM9', NULL, 1, 'LENOVO', 'THINKCENTRE M710S', NULL, NULL, NULL, 'V1AC16-MJ071DM9', 'INTEL(R) CORE(TM) I5-7400 CPU @ 3.00GHZ, 3000 MHZ, 4 PROCESADORES PRINCIPALES, 4 PROCESADORES LÓGICOS', '192.168.16.68', '94-C6-91-7B-93-E5', '544 308 972', 'Windows 10', 1, NULL, 4, 'TOMA DE MUESTRAS PRIMER PISO', NULL, NULL, '2020-12-07 16:44:42', '2020-12-07 21:28:40', NULL, 1),
(363, NULL, 'Nostrud modi distinc', NULL, 4, 'Cynthia Goff', 'Voluptatem non cumqu', 15, 16, 22, 'Magee Wolfe', 'Et commodo odio alia', '192.168.71.240', '6C-4B-90-CE-5A-EC', 'Voluptas accusamus a', 'Est molestiae quod m', 1, NULL, 9, 'Officia quod cillum', NULL, NULL, '2020-12-10 21:42:16', '2020-12-10 21:44:45', '2020-12-10 21:44:45', 0),
(364, NULL, 'Expedita vitae ut pl', NULL, 4, 'Hayden Griffith', 'Magnam maiores culpa', 14, 13, 16, 'Leigh Camacho', 'Dolor aut reprehende', '192.168.71.75', '6C-4B-90-CE-5A-EC', 'Debitis quis et sint', 'Quis fuga Aut et as', 1, NULL, 9, 'Tempora dolorem quae', NULL, NULL, '2020-12-10 21:44:23', '2020-12-10 21:44:42', '2020-12-10 21:44:42', 0);
INSERT INTO `machines` (`id`, `serial_monitor`, `serial`, `lote`, `type_id`, `manufacturer`, `model`, `ram_slot_00_id`, `ram_slot_01_id`, `hard_drive_id`, `name_pc`, `cpu`, `ip_range`, `mac_address`, `anydesk`, `os`, `created_by`, `rol_id`, `campus_id`, `location`, `image`, `comment`, `created_at`, `updated_at`, `deleted_at`, `status_deleted_at`) VALUES
(365, NULL, 'Proident sint ullam', NULL, 3, 'Laith Walters', 'Eveniet do commodi', 18, 8, 7, 'V1AMAC-EXAMLE', 'Eaque fugit assumen', '192.168.71.102', '6C-4B-90-CE-5A-EC', 'Eveniet quia numqua', 'Sit incidunt ipsum', 1, NULL, 9, 'Error laudantium ex', NULL, 'Numquam consequatur Optio dolore id blanditiis doloremque autem cupiditate dolor perferendis veniam tempora tempor suscipit sunt velit tempore amet nihil', '2020-12-11 15:06:48', '2020-12-11 15:08:59', '2020-12-11 15:09:00', 0),
(366, NULL, 'Eu ipsum provident', NULL, 4, 'Aimee Hutchinson', 'Nostrud adipisci qui', 9, 14, 19, 'V1AMAC-EXAMLE', 'Est adipisci repudia', '192.168.71.102', '6C-4B-90-CE-5A-EC', '327 921 07', 'WINDOWS 10', 1, NULL, 9, 'Vel culpa velit omn', NULL, NULL, '2020-12-11 15:11:35', '2020-12-11 15:26:38', '2020-12-11 15:26:38', 0),
(367, NULL, 'Ut veniam dolorem d', NULL, 1, 'Quinn Burnett', 'Aut sapiente volupta', 7, 18, 2, 'V1AMAC-EXAMLE', 'Ut sit consectetur', '192.168.71.240', '6C-4B-90-CE-5A-EC', 'Accusantium esse seq', 'Do et deserunt ut ve', 1, NULL, 19, 'Aut pariatur Quas q', NULL, NULL, '2020-12-11 15:40:29', '2020-12-11 15:42:25', '2020-12-11 15:42:26', 0),
(368, NULL, 'Quae voluptate minus', NULL, 3, 'Susan Kinney', 'Laboris saepe in sit', 3, 4, 7, 'Stephanie Perez', 'Laboriosam ex place', '192.168.71.102', '6C-4B-90-CE-5A-EC', 'Cillum consequat Op', 'Praesentium nulla en', 1, NULL, 19, 'Et aut nisi molestia', NULL, 'Et rerum cum ad aut ea ut accusantium et nemo explicabo Reprehenderit dignissimos ut assumenda eveniet', '2020-12-11 15:41:48', '2020-12-11 15:42:28', '2020-12-11 15:42:28', 0),
(369, NULL, 'Quod excepturi sed e', NULL, 1, 'Chastity Sherman', 'Qui et ad harum sapi', 5, 11, 2, 'Jescie Byers', 'Quis nesciunt simil', '192.168.71.102', '6C-4B-90-CE-5A-EC', 'Similique in volupta', 'Dolore aut accusamus', 1, NULL, 19, 'Sit ea elit conseq', NULL, NULL, '2020-12-11 15:44:16', '2020-12-11 17:39:44', '2020-12-11 17:39:45', 0),
(370, NULL, 'Adipisicing aspernat', NULL, 1, 'Thor Burks', 'Voluptas pariatur T', 14, 14, 20, 'Sybill Cobb', 'Quis a lorem deserun', '192.168.71.102', '6C-4B-90-CE-5A-EC', 'Itaque ipsa dolores', 'Ut reiciendis sequi', 7, NULL, 9, 'Nam accusamus eos ve', NULL, NULL, '2020-12-11 16:02:10', '2020-12-11 17:33:42', '2020-12-11 17:33:42', 0),
(371, NULL, 'Magnam est qui minus', NULL, 1, 'Quynn Richardson', 'Facilis deserunt vol', 4, 6, 23, 'Ariel Mack', 'Iste quo quia nostru', '192.168.71.102', '6C-4B-90-CE-5A-EC', 'Quia earum amet dol', 'Corrupti ullam quas', 7, NULL, 9, 'Est facilis officia', NULL, 'At ullam eligendi odio ad tempor rerum illum fugiat', '2020-12-11 16:02:39', '2020-12-11 17:33:39', '2020-12-11 17:33:39', 0),
(372, NULL, 'Id ipsum debitis re', NULL, 1, 'Rina Compton', 'Sapiente voluptate q', 9, 6, 1, 'Herrod Rocha', 'Sunt voluptatum non', '192.168.71.102', '6C-4B-90-CE-5A-EC', 'Pariatur Ratione pa', 'Deleniti consequat', 7, NULL, 9, 'Esse est accusamus', NULL, 'Magnam aut adipisicing exercitationem ea ab eiusmod ut debitis voluptatem aspernatur accusamus perferendis voluptatibus quo molestias', '2020-12-11 16:02:54', '2020-12-11 17:33:36', '2020-12-11 17:33:36', 0),
(373, NULL, 'Eius do dolor in aut', NULL, 3, 'Len Greer', 'Dignissimos inventor', 4, 7, 23, 'Charity Bruce', 'Vel qui tenetur sed', '192.168.71.102', '6C-4B-90-CE-5A-EC', 'Duis quia vel enim s', 'Officiis nemo incidu', 8, NULL, 19, 'Officia nesciunt si', NULL, 'Repellendus Dolores lorem sint qui incidunt obcaecati nihil omnis aut quidem rerum ex', '2020-12-11 16:39:30', '2020-12-11 17:39:49', '2020-12-11 17:39:49', 0),
(374, NULL, 'Corrupti exercitati', NULL, 4, 'Samson Bradford', 'Dolor et harum minim', 15, 16, 7, 'Jenette Reed', 'Nostrud exercitation', '192.168.71.102', '6C-4B-90-CE-5A-EC', 'Soluta ut sequi pari', 'Quia adipisicing ver', 8, NULL, 19, 'Voluptate dolor solu', NULL, 'Magna amet voluptatibus reprehenderit anim provident corrupti nulla', '2020-12-11 16:39:46', '2020-12-11 17:39:54', '2020-12-11 17:39:54', 0),
(375, NULL, 'YL005RX7', NULL, 1, 'LENOVO', 'V530S-07ICB', 9, 1, 20, 'V1ABQS85-LF12', 'INTEL(R) CORE(TM) I3-8100 CPU @ 3.60GHZ, 3600 MHZ', '192.168.67.73', 'F4-93-9F-F2-B6-4', '302 955 068', 'Windows 10', 8, NULL, 9, 'LINEA DE FRENTE MODULO 12', NULL, 'fsdfsdfsd', '2020-12-11 17:26:30', '2020-12-11 17:33:27', NULL, 1),
(376, NULL, 'MJ06PZK7', NULL, 1, 'LENOVO', 'M710Q', 8, 8, 21, 'V1AMAC-TECHSUPPORT', 'INTEL(R) CORE(TM) I5-7400T CPU @ 2.40GHZ', '192.168.71.240', '6C:4B:90:CE:5A:EC', NULL, 'Windows 10', 1, NULL, 1, 'OFICINA DE SISTEMAS', NULL, NULL, '2020-12-11 18:35:28', '2020-12-14 20:27:55', NULL, 1),
(377, NULL, 'Laboris non porro te', NULL, 1, 'Ashely Walls', 'Velit tempor quidem', 10, 10, 11, 'V1AMAC-EXAMLE', 'Do autem nostrum lab', '192.168.71.242', '6C-4B-90-CE-5A-EC', 'Magni harum consequa', 'Fugiat et eius non s', 1, NULL, 18, 'Animi explicabo Di', NULL, NULL, '2020-12-11 20:51:30', '2020-12-14 16:19:29', '2020-12-14 16:19:29', 0),
(378, NULL, 'Omnis tenetur eius e', NULL, 4, 'Janna Kim', 'Aperiam mollitia nih', 15, 9, 18, 'Levi Thomas', 'Eu et aut numquam no', '192.168.47.114', '6C-4B-90-CE-5A-U7', 'Sit minus dolor susc', 'NON EX QUI ET MAIORE', 1, NULL, 13, 'Quia excepteur minus', NULL, NULL, '2020-12-11 21:14:04', '2020-12-11 21:14:58', '2020-12-11 21:14:58', 0),
(379, NULL, 'Quia quasi sint elig', NULL, 4, 'Craig Estrada', 'Provident omnis in', 9, 10, 5, 'Alec Larsen', 'Ex illum sunt porro', '192.168.71.102', '6C-4B-90-CE-5A-EC', 'Laborum animi eu re', 'Aliquam pariatur Co', 1, NULL, 1, 'Omnis dolores volupt', NULL, 'Sit corporis ut delectus exercitationem eos at labore et sunt architecto sed', '2020-12-14 19:40:38', '2020-12-14 19:40:45', '2020-12-14 19:40:45', 0),
(380, 'Modi proident repud', 'Aliquid excepteur ac', NULL, 3, 'Stacy Bray', 'Culpa accusantium o', 11, 17, 1, 'Cairo Curtis', 'Quia Nam voluptas es', '192.168.71.102', '6C-4B-90-CE-5A-EC', 'Natus rerum dolore v', 'Asperiores fugiat n', 1, NULL, 1, 'Sint molestiae ratio', NULL, NULL, '2020-12-14 20:16:59', '2020-12-14 20:24:45', '2020-12-14 20:24:45', 0),
(381, 'Velit molestias aut', 'Necessitatibus nihil', NULL, 1, 'Libby Cain', 'Placeat incidunt s', 16, 7, 10, 'Lael Burnett', 'Est perspiciatis iu', '192.168.14.25', '6C-4B-90-CE-5A-C5', 'Et aut iure necessit', 'Voluptatum incididun', 1, NULL, 13, 'Quis adipisicing vol', NULL, 'Ut voluptatem amet qui fugit vitae numquam culpa veniam labore aliquid voluptate', '2020-12-14 20:23:00', '2020-12-14 20:23:20', '2020-12-14 20:23:21', 0),
(382, 'Maiores eum necessit', 'Quo dolor sunt et a', NULL, 4, 'Madeson Russell', 'Cum irure aliquid qu', 3, 18, 8, 'Zeus Mccoy', 'Harum ut aut accusan', 'Tenetur ipsam l', 'A impedit nulla', 'Proident nemo eum u', 'Facilis excepturi ne', 2, NULL, 4, 'Eiusmod adipisicing', NULL, 'Quo commodo quis porro voluptates sapiente recusandae Voluptatibus non voluptatem qui necessitatibus est consequat Consectetur', '2020-12-14 20:24:38', '2020-12-16 21:08:53', '2020-12-16 21:08:53', 0),
(383, NULL, '4CE5230HVH', NULL, 1, 'HP', 'HP-18', 20, NULL, 21, 'BQ-CARRA8-002', 'INTEL(R) CELERON(R) CPU  J1800  @ 2.41GHZ, 2408 MHZ', '192.168.71.87', 'FE EC-B1-D7-37-2A', '632 398 212', 'Windows 10', 1, NULL, 1, 'LINEA DE FRENTE MODULO 3', NULL, 'V1AMAC-LF03\r\nALL IN ONE', '2020-12-14 21:05:38', '2020-12-14 21:05:38', NULL, 1),
(384, 'VKK14564', 'MJ06PZL2', NULL, 1, 'LENOVO', 'M710Q', 8, NULL, 21, 'BQMUT-SIAU', 'INTEL(R) CORE(TM) I5-7400T CPU @ 2.40GHZ', '192.168.71.48', '00-1C-BF-FA-6D-4B', '182 546 706', 'Windows 10', 1, NULL, 1, 'SIAU', NULL, 'V1AMAC-SIUA', '2020-12-14 21:38:32', '2020-12-14 21:38:32', NULL, 1),
(385, 'Qui exercitationem s', 'Ad odit quod tempore', NULL, 3, 'Sade Powers', 'Omnis officiis quia', 12, 1, 22, 'Marcia Kirk', 'Voluptatem ad ut ve', 'Quasi illum ex', 'Hic cupiditate nu', 'Accusamus deleniti m', 'Tempora doloremque a', 1, NULL, 1, 'Illo aliquam deserun', NULL, 'Fugit anim ullamco id sequi repudiandae unde molestias', NULL, '2020-12-16 21:59:20', '2020-12-16 21:59:20', 0),
(386, 'Est et et id et adi', 'Sit aut dolor nostr', NULL, 3, 'Eve Wood', 'Est animi Nam aut', 4, 10, 8, 'Nina Bryan', 'Non quod dolor exped', 'Quae laborum S', 'Occaecat perspici', 'Voluptas officia mol', 'Tenetur eos ipsa fu', 1, NULL, 6, 'Voluptate corrupti', NULL, 'Non nihil consectetur delectus neque quisquam qui voluptatem mollit asperiores qui quis voluptas ea eiusmod ullamco ullamco dolor exercitationem est', '2020-12-16 22:00:07', '2020-12-17 00:42:41', '2020-12-17 00:42:41', 0),
(387, 'Omnis perspiciatis, .', 'Reprehenderit incidu.', NULL, 1, 'Asperiores.', 'Aspernatur eiusmod m.', 13, 14, 23, 'V1AMAC-EXAMPLE', 'Architecto quis.', '192.168.200.222', '98-EE-CB-25-1F-C2', 'Est voluptatum eu do.', 'Culpa qui cupidatat .', 2, NULL, 4, 'Dignissimos.', NULL, 'Error rerum sit temp.', NULL, '2020-12-17 05:34:02', '2020-12-17 05:34:02', 0),
(388, 'Laboriosam, exercita.', 'Ut libero incididunt.', NULL, 3, 'Ipsa, eos quia Nam f.', 'Vitae rem fugit, et .', 20, 13, 14, 'V1AMAC-EXAMPLE', 'Laudantium, irure.', '192.168.200.222', '98-EE-CB-25-1F-C2', 'Distinctio. Incidunt.', 'Qui magni expedita d.', 2, NULL, 4, 'At in accusamus duci.', NULL, 'Nihil quidem nisi ex.', '2020-12-17 05:36:13', '2020-12-17 05:51:51', '2020-12-17 05:51:51', 0),
(389, 'Soluta aut voluptate.', 'Pariatur? Iure tempo.', NULL, 2, 'Hic corrupti, id, ea.', 'Illum, maiores ab pa.', 6, 16, 18, 'V1AMAC-EXAMPLE', 'Ut amet, aliquam ea .', '192.168.200.222', '98-EE-CB-25-1F-C2', 'Quis saepe amet, eiu.', 'Optio, delectus, eve.', 2, NULL, 1, 'Ad reprehenderit, et.', NULL, NULL, '2020-12-17 05:46:01', '2020-12-17 05:51:46', '2020-12-17 05:51:46', 0),
(390, 'Adipisicing saepe ne.', 'Dolores adipisicing .', NULL, 3, 'Consequuntur amet, m.', 'Omnis quidem ad nemo.', 2, 10, 20, 'V1AMAC-EXAMPLE', 'Odit officiis ea aut.', '192.168.200.222', '98-EE-CB-25-1F-C2', 'Consectetur eos amet.', 'Non voluptate laboru.', 2, NULL, 4, 'Id consequatur? Mini.', NULL, 'Autem et excepturi i.', NULL, '2020-12-17 05:54:49', '2020-12-17 05:54:49', 0),
(391, 'Tenetur autem evenie.', 'Delectus, adipisci r.', NULL, 1, 'Consequat. Corrupti.', 'Eum earum maiores.', 19, 15, 22, 'V1AMAC-EXAMPLE', 'Adipisci in ducimus.', '192.168.200.222', '98-EE-CB-25-1F-C2', 'At non voluptatem ev.', 'Voluptates et et mol.', 2, NULL, 4, 'Esse corrupti, commo.', NULL, NULL, '2020-12-17 05:55:24', '2020-12-17 05:56:06', '2020-12-17 05:56:06', 0);

-- --------------------------------------------------------

--
-- Estructura de tabla para la tabla `machine_registration`
--

CREATE TABLE `machine_registration` (
  `user_id` bigint(20) UNSIGNED NOT NULL,
  `machine_id` bigint(20) UNSIGNED NOT NULL,
  `created_at` timestamp NULL DEFAULT NULL,
  `updated_at` timestamp NULL DEFAULT NULL
) ENGINE=InnoDB DEFAULT CHARSET=utf8mb4 COLLATE=utf8mb4_unicode_ci;

-- --------------------------------------------------------

--
-- Estructura de tabla para la tabla `migrations`
--

CREATE TABLE `migrations` (
  `id` int(10) UNSIGNED NOT NULL,
  `migration` varchar(255) COLLATE utf8mb4_unicode_ci NOT NULL,
  `batch` int(11) NOT NULL
) ENGINE=InnoDB DEFAULT CHARSET=utf8mb4 COLLATE=utf8mb4_unicode_ci;

--
-- Volcado de datos para la tabla `migrations`
--

INSERT INTO `migrations` (`id`, `migration`, `batch`) VALUES
(1, '2014_10_12_100000_create_password_resets_table', 1),
(2, '2019_08_19_000000_create_failed_jobs_table', 1),
(3, '2020_09_24_011222_create_machines_table', 1),
(4, '2020_09_25_214906_add_image_users_table', 1);

-- --------------------------------------------------------

--
-- Estructura de tabla para la tabla `model_has_permissions`
--

CREATE TABLE `model_has_permissions` (
  `permission_id` bigint(20) UNSIGNED NOT NULL,
  `model_type` varchar(255) COLLATE utf8mb4_unicode_ci NOT NULL,
  `model_id` bigint(20) UNSIGNED NOT NULL
) ENGINE=InnoDB DEFAULT CHARSET=utf8mb4 COLLATE=utf8mb4_unicode_ci;

-- --------------------------------------------------------

--
-- Estructura de tabla para la tabla `model_has_roles`
--

CREATE TABLE `model_has_roles` (
  `role_id` bigint(20) UNSIGNED NOT NULL,
  `model_type` varchar(255) COLLATE utf8mb4_unicode_ci NOT NULL,
  `model_id` bigint(20) UNSIGNED NOT NULL
) ENGINE=InnoDB DEFAULT CHARSET=utf8mb4 COLLATE=utf8mb4_unicode_ci;

--
-- Volcado de datos para la tabla `model_has_roles`
--

INSERT INTO `model_has_roles` (`role_id`, `model_type`, `model_id`) VALUES
(1, 'App\\User', 1),
(1, 'App\\User', 3);

-- --------------------------------------------------------

--
-- Estructura de tabla para la tabla `password_resets`
--

CREATE TABLE `password_resets` (
  `email` varchar(255) COLLATE utf8mb4_unicode_ci NOT NULL,
  `token` varchar(255) COLLATE utf8mb4_unicode_ci NOT NULL,
  `created_at` timestamp NULL DEFAULT NULL
) ENGINE=InnoDB DEFAULT CHARSET=utf8mb4 COLLATE=utf8mb4_unicode_ci;

-- --------------------------------------------------------

--
-- Estructura de tabla para la tabla `permissions`
--

CREATE TABLE `permissions` (
  `id` bigint(20) UNSIGNED NOT NULL,
  `name` varchar(255) COLLATE utf8mb4_unicode_ci NOT NULL,
  `guard_name` varchar(255) COLLATE utf8mb4_unicode_ci NOT NULL,
  `created_at` timestamp NULL DEFAULT NULL,
  `updated_at` timestamp NULL DEFAULT NULL
) ENGINE=InnoDB DEFAULT CHARSET=utf8mb4 COLLATE=utf8mb4_unicode_ci;

--
-- Volcado de datos para la tabla `permissions`
--

INSERT INTO `permissions` (`id`, `name`, `guard_name`, `created_at`, `updated_at`) VALUES
(1, 'create_books', 'web', '2020-11-09 22:44:59', '2020-11-09 22:44:59'),
(2, 'edit_books', 'web', '2020-11-09 22:44:59', '2020-11-09 22:44:59'),
(3, 'delete_books', 'web', '2020-11-09 22:44:59', '2020-11-09 22:44:59'),
(4, 'view_books', 'web', '2020-11-09 22:44:59', '2020-11-09 22:44:59'),
(5, 'reserve_books', 'web', '2020-11-09 22:44:59', '2020-11-09 22:44:59'),
(6, 'create_users', 'web', '2020-11-09 22:44:59', '2020-11-09 22:44:59'),
(7, 'edit_users', 'web', '2020-11-09 22:44:59', '2020-11-09 22:44:59'),
(8, 'delete_users', 'web', '2020-11-09 22:44:59', '2020-11-09 22:44:59'),
(9, 'view_users', 'web', '2020-11-09 22:44:59', '2020-11-09 22:44:59'),
(10, 'create_roles', 'web', '2020-11-09 22:44:59', '2020-11-09 22:44:59'),
(11, 'edit_roles', 'web', '2020-11-09 22:44:59', '2020-11-09 22:44:59'),
(12, 'delete_roles', 'web', '2020-11-09 22:44:59', '2020-11-09 22:44:59'),
(13, 'view_roles', 'web', '2020-11-09 22:44:59', '2020-11-09 22:44:59');

-- --------------------------------------------------------

--
-- Estructura de tabla para la tabla `rams`
--

CREATE TABLE `rams` (
  `id` bigint(20) UNSIGNED NOT NULL,
  `ram` varchar(255) COLLATE utf8mb4_unicode_ci NOT NULL,
  `size` varchar(255) COLLATE utf8mb4_unicode_ci DEFAULT NULL,
  `standart` varchar(255) COLLATE utf8mb4_unicode_ci DEFAULT NULL,
  `type` varchar(255) COLLATE utf8mb4_unicode_ci DEFAULT NULL,
  `mhz` varchar(255) COLLATE utf8mb4_unicode_ci DEFAULT NULL,
  `created_at` timestamp NULL DEFAULT NULL,
  `updated_at` timestamp NULL DEFAULT NULL
) ENGINE=InnoDB DEFAULT CHARSET=utf8mb4 COLLATE=utf8mb4_unicode_ci;

--
-- Volcado de datos para la tabla `rams`
--

INSERT INTO `rams` (`id`, `ram`, `size`, `standart`, `type`, `mhz`, `created_at`, `updated_at`) VALUES
(1, 'NO APLICA', NULL, NULL, NULL, NULL, NULL, NULL),
(2, '1GB DDR2 DIMM', NULL, NULL, NULL, NULL, NULL, NULL),
(3, '1GB DDR2 SO-DIMM', NULL, NULL, NULL, NULL, NULL, NULL),
(4, '2GB DDR2 DIMM', NULL, NULL, NULL, NULL, NULL, NULL),
(5, '2GB DDR2 SO-DIMM', NULL, NULL, NULL, NULL, NULL, NULL),
(6, '4GB DDR3 SO-DIMM', NULL, NULL, NULL, NULL, NULL, NULL),
(7, '4GB DDR3 DIMM', NULL, NULL, NULL, NULL, NULL, NULL),
(8, '4GB DDR4 SO-DIMM', NULL, NULL, NULL, NULL, NULL, NULL),
(9, '4GB DDR4 DIMM', NULL, NULL, NULL, NULL, NULL, NULL),
(10, '8GB DDR3 SO-DIMM', NULL, NULL, NULL, NULL, NULL, NULL),
(11, '8GB DDR3 DIMM', NULL, NULL, NULL, NULL, NULL, NULL),
(12, '8GB DDR4 SO-DIMM', NULL, NULL, NULL, NULL, NULL, NULL),
(13, '8GB DDR4 DIMM', NULL, NULL, NULL, NULL, NULL, NULL),
(14, '16GB DDR4 SO-DIMM', NULL, NULL, NULL, NULL, NULL, NULL),
(15, '16GB DDR4 DIMM', NULL, NULL, NULL, NULL, NULL, NULL),
(16, '32GB DDR4 SO-DIMM', NULL, NULL, NULL, NULL, NULL, NULL),
(17, '32GB DDR4 DIMM', NULL, NULL, NULL, NULL, NULL, NULL),
(18, '64GB DDR4 SO-DIMM', NULL, NULL, NULL, NULL, NULL, NULL),
(19, '64GB DDR4 DIMM', NULL, NULL, NULL, NULL, NULL, NULL),
(20, '2GB DDR3 SO-DIMM', NULL, NULL, NULL, NULL, NULL, NULL),
(21, '2GB DDR3 DIMM', NULL, NULL, NULL, NULL, NULL, NULL);

-- --------------------------------------------------------

--
-- Estructura de tabla para la tabla `roles`
--

CREATE TABLE `roles` (
  `id` bigint(20) UNSIGNED NOT NULL,
  `name` varchar(256) NOT NULL,
  `label` varchar(256) DEFAULT NULL,
  `created_at` timestamp NULL DEFAULT NULL,
  `updated_at` timestamp NULL DEFAULT NULL
) ENGINE=InnoDB DEFAULT CHARSET=latin1;

--
-- Volcado de datos para la tabla `roles`
--

INSERT INTO `roles` (`id`, `name`, `label`, `created_at`, `updated_at`) VALUES
(1, 'admin', 'ADMINISTRADOR', '2020-11-11 10:34:49', '2020-11-11 10:34:49'),
(2, 'TEC_C30', 'TECNICO CALLE 30', '2020-11-23 12:57:44', '2020-11-23 12:57:44'),
(3, 'TEC_MAC', 'TECNICO MACARENA', '2020-11-23 12:57:44', '2020-11-23 12:57:44'),
(4, 'TEC_KNY', 'TECNICO KENNEDY', '2020-11-23 15:22:55', '2020-11-23 15:22:55'),
(5, 'TEC_C12', 'TECNICO CARRERA 12', '2020-11-24 10:29:30', '2020-11-24 10:29:30'),
(6, 'TEC_MAR', 'TECNICO MARINELO', '2020-11-24 10:29:41', '2020-11-24 10:29:41'),
(7, 'TEC_CNG', 'TECNICO CIENEGA', '2020-11-24 10:30:05', '2020-11-24 10:30:05'),
(8, 'TEC_VDP', 'TECNICO VALLEDUPAR', '2020-11-24 10:30:31', '2020-11-24 10:30:31'),
(9, 'TEC_RIO', 'TECNICO RIOHACHA', '2020-11-24 10:30:43', '2020-11-24 10:30:43'),
(10, 'TEC_C16', 'TECNICO CARRERA 16', '2020-12-04 18:10:47', '2020-12-04 18:10:47'),
(11, 'TEC_SSJ', 'TECNICO SURA SAN JOSE', '2020-12-04 19:45:08', '2020-12-04 19:45:08'),
(12, 'TEC_MTRZ	', NULL, '2020-12-10 20:49:42', '2020-12-10 20:49:42'),
(13, 'TEC_S85', NULL, '2020-12-10 21:04:07', '2020-12-10 21:04:07'),
(14, 'TEC_CTRY', NULL, '2020-12-10 21:04:34', '2020-12-10 21:04:34'),
(15, 'TEC_COMP', 'TECNICO COMPENSAR', '2020-12-10 21:13:35', '2020-12-10 21:13:35');

-- --------------------------------------------------------

--
-- Estructura de tabla para la tabla `roles_alt`
--

CREATE TABLE `roles_alt` (
  `id` bigint(20) UNSIGNED NOT NULL,
  `name` varchar(255) COLLATE utf8mb4_unicode_ci NOT NULL,
  `guard_name` varchar(255) COLLATE utf8mb4_unicode_ci NOT NULL,
  `created_at` timestamp NULL DEFAULT NULL,
  `updated_at` timestamp NULL DEFAULT NULL
) ENGINE=InnoDB DEFAULT CHARSET=utf8mb4 COLLATE=utf8mb4_unicode_ci;

--
-- Volcado de datos para la tabla `roles_alt`
--

INSERT INTO `roles_alt` (`id`, `name`, `guard_name`, `created_at`, `updated_at`) VALUES
(1, 'super_admin', 'web', '2020-11-09 22:44:59', '2020-11-09 22:44:59');

-- --------------------------------------------------------

--
-- Estructura de tabla para la tabla `role_has_permissions`
--

CREATE TABLE `role_has_permissions` (
  `permission_id` bigint(20) UNSIGNED NOT NULL,
  `role_id` bigint(20) UNSIGNED NOT NULL
) ENGINE=InnoDB DEFAULT CHARSET=utf8mb4 COLLATE=utf8mb4_unicode_ci;

--
-- Volcado de datos para la tabla `role_has_permissions`
--

INSERT INTO `role_has_permissions` (`permission_id`, `role_id`) VALUES
(1, 1),
(2, 1),
(3, 1),
(4, 1),
(5, 1),
(6, 1),
(7, 1),
(8, 1),
(9, 1),
(10, 1),
(11, 1),
(12, 1),
(13, 1);

-- --------------------------------------------------------

--
-- Estructura de tabla para la tabla `role_user`
--

CREATE TABLE `role_user` (
  `id` bigint(20) UNSIGNED NOT NULL,
  `user_id` bigint(20) UNSIGNED NOT NULL,
  `role_id` bigint(20) UNSIGNED NOT NULL,
  `created_at` timestamp NULL DEFAULT NULL,
  `updated_at` timestamp NULL DEFAULT NULL
) ENGINE=InnoDB DEFAULT CHARSET=latin1;

--
-- Volcado de datos para la tabla `role_user`
--

INSERT INTO `role_user` (`id`, `user_id`, `role_id`, `created_at`, `updated_at`) VALUES
(11, 1, 1, '2020-11-24 08:34:15', '2020-12-11 16:48:13'),
(15, 3, 4, '2020-11-25 08:59:49', '2020-11-25 08:59:49'),
(24, 4, 6, '2020-11-25 05:19:28', '2020-11-25 05:19:28'),
(25, 4, 9, '2020-11-25 05:20:12', '2020-11-25 05:20:12'),
(26, 4, 8, '2020-11-25 05:20:12', '2020-11-25 05:20:12'),
(27, 4, 7, '2020-11-25 05:48:16', '2020-11-25 05:48:16'),
(28, 2, 3, '2020-11-25 05:52:02', '2020-11-25 05:52:02'),
(29, 4, 5, '2020-11-28 01:52:23', '2020-11-28 01:52:23'),
(30, 5, 2, '2020-12-03 17:34:41', '2020-12-03 17:34:41'),
(31, 2, 10, '2020-12-04 18:11:10', '2020-12-04 18:11:10'),
(33, 6, 11, '2020-12-04 19:45:22', '2020-12-04 19:45:22'),
(35, 7, 12, '2020-12-10 20:50:55', '2020-12-10 20:50:55'),
(37, 7, 14, '2020-12-10 21:05:22', '2020-12-10 21:05:22'),
(39, 8, 15, '2020-12-11 16:26:38', '2020-12-11 16:26:38'),
(46, 8, 13, '2020-12-10 21:05:22', '2020-12-10 21:05:22');

-- --------------------------------------------------------

--
-- Estructura de tabla para la tabla `types`
--

CREATE TABLE `types` (
  `id` bigint(20) UNSIGNED NOT NULL,
  `name` varchar(255) COLLATE utf8mb4_unicode_ci NOT NULL,
  `created_at` timestamp NULL DEFAULT NULL,
  `updated_at` timestamp NULL DEFAULT NULL
) ENGINE=InnoDB DEFAULT CHARSET=utf8mb4 COLLATE=utf8mb4_unicode_ci;

--
-- Volcado de datos para la tabla `types`
--

INSERT INTO `types` (`id`, `name`, `created_at`, `updated_at`) VALUES
(1, 'PC', NULL, NULL),
(2, 'ATRIL', NULL, NULL),
(3, 'LAPTOP', NULL, NULL),
(4, 'TV\nRASPBERRY PI', NULL, NULL);

-- --------------------------------------------------------

--
-- Estructura de tabla para la tabla `users`
--

CREATE TABLE `users` (
  `id` bigint(20) UNSIGNED NOT NULL,
  `cc` int(11) NOT NULL,
  `name` varchar(255) COLLATE utf8mb4_unicode_ci NOT NULL,
  `last_name` varchar(255) COLLATE utf8mb4_unicode_ci NOT NULL,
  `nick_name` varchar(255) COLLATE utf8mb4_unicode_ci NOT NULL,
  `password` varchar(255) COLLATE utf8mb4_unicode_ci NOT NULL,
  `phone` varchar(30) COLLATE utf8mb4_unicode_ci DEFAULT NULL,
  `campus_id` bigint(20) UNSIGNED DEFAULT NULL,
  `role_id` bigint(20) UNSIGNED DEFAULT NULL,
  `work_function` varchar(255) COLLATE utf8mb4_unicode_ci NOT NULL,
  `email` varchar(255) COLLATE utf8mb4_unicode_ci NOT NULL,
  `email_verified_at` timestamp NULL DEFAULT NULL,
  `image` varchar(255) COLLATE utf8mb4_unicode_ci DEFAULT NULL,
  `remember_token` varchar(100) COLLATE utf8mb4_unicode_ci DEFAULT NULL,
  `created_at` timestamp NULL DEFAULT NULL,
  `updated_at` timestamp NULL DEFAULT NULL,
  `deleted_at` timestamp NULL DEFAULT NULL,
  `status_deleted_at` tinyint(1) DEFAULT NULL,
  `last_sign_in_at` timestamp NULL DEFAULT NULL,
  `current_sign_in_at` timestamp NULL DEFAULT NULL
) ENGINE=InnoDB DEFAULT CHARSET=utf8mb4 COLLATE=utf8mb4_unicode_ci;

--
-- Volcado de datos para la tabla `users`
--

INSERT INTO `users` (`id`, `cc`, `name`, `last_name`, `nick_name`, `password`, `phone`, `campus_id`, `role_id`, `work_function`, `email`, `email_verified_at`, `image`, `remember_token`, `created_at`, `updated_at`, `deleted_at`, `status_deleted_at`, `last_sign_in_at`, `current_sign_in_at`) VALUES
(1, 1120200891, 'SUPER', 'ADMIN', 'SUPER_ADMIN', '$2y$10$ai7JZ8WmIKVHDD5xEMbYye93m003In5DRJoibws.DeAQclCPnd3Zu', '3002777694', 1, 0, 'Administrator Database', 'admin@inventor.co', NULL, 'boss.svg', 'yRlY04yro9rDiCtvt4UzIoBgxVUy4qpWOLHdXcmKmF7XwtXu54uhxiDTkJ9V', '2020-11-24 08:33:56', '2020-12-17 00:40:18', NULL, 1, '2020-12-14 22:28:17', '2020-12-17 00:40:18'),
(2, 1143434718, 'JEFFERSON JAVIER', 'ORTEGA PACHECO', 'JORTEGA', '$2y$10$JfW3a/AgCsfuS99VF4E/i.h3FgMcBkAZNUImVHOBWV22jSCKUivZC', '3002777694', 1, NULL, 'Support IT', 'jortega@viva1a.com.co', NULL, 'boss.svg', NULL, '2020-11-25 13:34:58', '2020-12-17 05:32:16', NULL, 1, '2020-12-14 20:28:19', '2020-12-17 05:32:16'),
(3, 1111111111, 'LUIS', 'GUTIERREZ', 'LGUTIERREZ', '$2y$10$mLoEi7/zv08jvnfV/yySC.K9e3AFx5j5W6JRsqu6GR6IWlIIhjXg6', '304214715', 12, 0, 'Support IT', 'lgutierrez@viva1a.com.co', NULL, 'boss.svg', NULL, '2020-11-21 14:57:39', '2020-12-03 21:08:15', NULL, 1, '2020-12-03 21:08:15', '2020-12-03 21:06:21'),
(4, 84455338, 'OSCAR', 'LARIOS', 'OLARIOS', '$2y$10$c1Un8VTxJf0PIrFSm09pIOWKbAlDOgNIzvvmVHhJpLGD/OAOA7DqO', '300255653', 13, NULL, 'Support IT', 'olarios@viva1a.com.co', NULL, 'boss.svg', NULL, '2020-11-24 13:48:19', '2020-12-03 19:03:15', NULL, 1, '2020-12-03 19:03:15', '2020-12-03 19:02:48'),
(5, 1143434200, 'FRANCISCO', 'VILORIA', 'FVILORIA', '$2y$10$n626lKlNPPw4PI4Ek.8hnOxmKnnn7sznbEzAz0BSCi5j/rNyCAsBy', '3002777694', 2, 6, 'Support IT', 'fviloria@viva1a.com.co', NULL, 'boss.svg', NULL, '2020-10-31 03:55:35', '2020-10-31 04:12:35', NULL, 1, '2020-12-02 18:32:02', '2020-12-02 18:32:07'),
(6, 1002154530, 'RUBEN DARIO', 'HERNÁNDEZ ÁLAVAREZ', 'RHERNANDEZ', '$2y$10$Q6YNqvP170GYMYrErnpyUOh0wLV/xAblnjOGj/PoAamba6B.Oc2YO', '300-352-7851', 6, NULL, 'Support IT', 'rhernandez@viva1a.com.co', NULL, 'boss.svg', NULL, '2020-12-04 19:44:47', '2020-12-04 19:49:50', NULL, 1, '2020-12-04 19:49:50', '2020-12-04 19:45:42'),
(7, 1001820305, 'JOSE', 'MENDOZA', 'JMENDOZA', '$2y$10$cBsvZsd4PEvV05Sr0pCbl.C4BwIWyeqTiJNImSrep0AyT0QC5HOge', '305-868-8942', 10, NULL, 'Support IT', 'jamendoza@viva1a.com.co', NULL, 'boss.svg', NULL, '2020-12-10 20:48:44', '2020-12-11 16:17:33', NULL, NULL, '2020-12-11 16:17:33', '2020-12-11 15:59:55'),
(8, 72346717, 'ELKIN JAVIER', 'CAMPIS VILLEGAS', 'ECAMPIS', '$2y$10$SOT2YVzCZTY988YV.jBfouuSZqKR8UaVlczYeb5VInZ8mHGGn2hgm', '301-649-3274', 19, 15, 'Support IT', 'ecampis@viva1a.com.co', NULL, 'boss.svg', NULL, '2020-12-11 16:26:23', '2020-12-14 18:46:26', NULL, NULL, '2020-12-11 16:43:35', '2020-12-14 18:46:26');

--
-- Índices para tablas volcadas
--

--
-- Indices de la tabla `campus`
--
ALTER TABLE `campus`
  ADD PRIMARY KEY (`id`);

--
-- Indices de la tabla `failed_jobs`
--
ALTER TABLE `failed_jobs`
  ADD PRIMARY KEY (`id`);

--
-- Indices de la tabla `hdds`
--
ALTER TABLE `hdds`
  ADD PRIMARY KEY (`id`);

--
-- Indices de la tabla `machines`
--
ALTER TABLE `machines`
  ADD PRIMARY KEY (`id`),
  ADD KEY `machines_hard_drive_id_foreign` (`hard_drive_id`),
  ADD KEY `machines_type_id_index` (`type_id`),
  ADD KEY `machines_ram_slot_00_id_index` (`ram_slot_00_id`),
  ADD KEY `machines_ram_slot_01_id_index` (`ram_slot_01_id`),
  ADD KEY `machines_created_by_index` (`created_by`),
  ADD KEY `machines_rol_id_index` (`rol_id`),
  ADD KEY `machines_campus_id_index` (`campus_id`);

--
-- Indices de la tabla `machine_registration`
--
ALTER TABLE `machine_registration`
  ADD PRIMARY KEY (`user_id`),
  ADD KEY `machine_registration_machine_id_foreign` (`machine_id`);

--
-- Indices de la tabla `migrations`
--
ALTER TABLE `migrations`
  ADD PRIMARY KEY (`id`);

--
-- Indices de la tabla `model_has_permissions`
--
ALTER TABLE `model_has_permissions`
  ADD PRIMARY KEY (`permission_id`,`model_id`,`model_type`),
  ADD KEY `model_has_permissions_model_id_model_type_index` (`model_id`,`model_type`);

--
-- Indices de la tabla `model_has_roles`
--
ALTER TABLE `model_has_roles`
  ADD PRIMARY KEY (`role_id`,`model_id`,`model_type`),
  ADD KEY `model_has_roles_model_id_model_type_index` (`model_id`,`model_type`);

--
-- Indices de la tabla `password_resets`
--
ALTER TABLE `password_resets`
  ADD KEY `password_resets_email_index` (`email`);

--
-- Indices de la tabla `permissions`
--
ALTER TABLE `permissions`
  ADD PRIMARY KEY (`id`);

--
-- Indices de la tabla `rams`
--
ALTER TABLE `rams`
  ADD PRIMARY KEY (`id`);

--
-- Indices de la tabla `roles`
--
ALTER TABLE `roles`
  ADD PRIMARY KEY (`id`);

--
-- Indices de la tabla `roles_alt`
--
ALTER TABLE `roles_alt`
  ADD PRIMARY KEY (`id`);

--
-- Indices de la tabla `role_has_permissions`
--
ALTER TABLE `role_has_permissions`
  ADD PRIMARY KEY (`permission_id`,`role_id`),
  ADD KEY `role_has_permissions_role_id_foreign` (`role_id`);

--
-- Indices de la tabla `role_user`
--
ALTER TABLE `role_user`
  ADD PRIMARY KEY (`id`),
  ADD KEY `user_id_foreing` (`user_id`) USING BTREE,
  ADD KEY `role_id_foreing` (`role_id`) USING BTREE;

--
-- Indices de la tabla `types`
--
ALTER TABLE `types`
  ADD PRIMARY KEY (`id`);

--
-- Indices de la tabla `users`
--
ALTER TABLE `users`
  ADD PRIMARY KEY (`id`),
  ADD KEY `role_id` (`role_id`),
  ADD KEY `campus_id` (`campus_id`);

--
-- AUTO_INCREMENT de las tablas volcadas
--

--
-- AUTO_INCREMENT de la tabla `campus`
--
ALTER TABLE `campus`
  MODIFY `id` bigint(20) UNSIGNED NOT NULL AUTO_INCREMENT, AUTO_INCREMENT=20;

--
-- AUTO_INCREMENT de la tabla `failed_jobs`
--
ALTER TABLE `failed_jobs`
  MODIFY `id` bigint(20) UNSIGNED NOT NULL AUTO_INCREMENT;

--
-- AUTO_INCREMENT de la tabla `hdds`
--
ALTER TABLE `hdds`
  MODIFY `id` bigint(20) UNSIGNED NOT NULL AUTO_INCREMENT, AUTO_INCREMENT=50;

--
-- AUTO_INCREMENT de la tabla `machines`
--
ALTER TABLE `machines`
  MODIFY `id` bigint(20) UNSIGNED NOT NULL AUTO_INCREMENT, AUTO_INCREMENT=392;

--
-- AUTO_INCREMENT de la tabla `migrations`
--
ALTER TABLE `migrations`
  MODIFY `id` int(10) UNSIGNED NOT NULL AUTO_INCREMENT, AUTO_INCREMENT=5;

--
-- AUTO_INCREMENT de la tabla `permissions`
--
ALTER TABLE `permissions`
  MODIFY `id` bigint(20) UNSIGNED NOT NULL AUTO_INCREMENT, AUTO_INCREMENT=14;

--
-- AUTO_INCREMENT de la tabla `rams`
--
ALTER TABLE `rams`
  MODIFY `id` bigint(20) UNSIGNED NOT NULL AUTO_INCREMENT, AUTO_INCREMENT=51;

--
-- AUTO_INCREMENT de la tabla `roles`
--
ALTER TABLE `roles`
  MODIFY `id` bigint(20) UNSIGNED NOT NULL AUTO_INCREMENT, AUTO_INCREMENT=16;

--
-- AUTO_INCREMENT de la tabla `roles_alt`
--
ALTER TABLE `roles_alt`
  MODIFY `id` bigint(20) UNSIGNED NOT NULL AUTO_INCREMENT, AUTO_INCREMENT=2;

--
-- AUTO_INCREMENT de la tabla `role_user`
--
ALTER TABLE `role_user`
  MODIFY `id` bigint(20) UNSIGNED NOT NULL AUTO_INCREMENT, AUTO_INCREMENT=47;

--
-- AUTO_INCREMENT de la tabla `types`
--
ALTER TABLE `types`
  MODIFY `id` bigint(20) UNSIGNED NOT NULL AUTO_INCREMENT, AUTO_INCREMENT=5;

--
-- AUTO_INCREMENT de la tabla `users`
--
ALTER TABLE `users`
  MODIFY `id` bigint(20) UNSIGNED NOT NULL AUTO_INCREMENT, AUTO_INCREMENT=9;

--
-- Restricciones para tablas volcadas
--

--
-- Filtros para la tabla `machines`
--
ALTER TABLE `machines`
  ADD CONSTRAINT `machines_campus_id_foreign` FOREIGN KEY (`campus_id`) REFERENCES `campus` (`id`) ON DELETE SET NULL ON UPDATE SET NULL,
  ADD CONSTRAINT `machines_created_by_foreign` FOREIGN KEY (`created_by`) REFERENCES `users` (`id`) ON DELETE SET NULL ON UPDATE SET NULL,
  ADD CONSTRAINT `machines_hard_drive_id_foreign` FOREIGN KEY (`hard_drive_id`) REFERENCES `hdds` (`id`) ON DELETE SET NULL ON UPDATE SET NULL,
  ADD CONSTRAINT `machines_ram_slot_00_id_foreign` FOREIGN KEY (`ram_slot_00_id`) REFERENCES `rams` (`id`) ON DELETE SET NULL ON UPDATE SET NULL,
  ADD CONSTRAINT `machines_ram_slot_01_id_foreign` FOREIGN KEY (`ram_slot_01_id`) REFERENCES `rams` (`id`) ON DELETE SET NULL ON UPDATE SET NULL,
  ADD CONSTRAINT `machines_rol_id_foreign` FOREIGN KEY (`rol_id`) REFERENCES `roles_alt` (`id`) ON DELETE SET NULL ON UPDATE SET NULL,
  ADD CONSTRAINT `machines_type_id_foreign` FOREIGN KEY (`type_id`) REFERENCES `types` (`id`) ON DELETE SET NULL ON UPDATE SET NULL;

--
-- Filtros para la tabla `machine_registration`
--
ALTER TABLE `machine_registration`
  ADD CONSTRAINT `machine_registration_machine_id_foreign` FOREIGN KEY (`machine_id`) REFERENCES `machines` (`id`) ON DELETE CASCADE,
  ADD CONSTRAINT `machine_registration_user_id_foreign` FOREIGN KEY (`user_id`) REFERENCES `users` (`id`) ON DELETE CASCADE;

--
-- Filtros para la tabla `model_has_permissions`
--
ALTER TABLE `model_has_permissions`
  ADD CONSTRAINT `model_has_permissions_permission_id_foreign` FOREIGN KEY (`permission_id`) REFERENCES `permissions` (`id`) ON DELETE CASCADE;

--
-- Filtros para la tabla `model_has_roles`
--
ALTER TABLE `model_has_roles`
  ADD CONSTRAINT `model_has_roles_role_id_foreign` FOREIGN KEY (`role_id`) REFERENCES `roles_alt` (`id`) ON DELETE CASCADE;

--
-- Filtros para la tabla `role_has_permissions`
--
ALTER TABLE `role_has_permissions`
  ADD CONSTRAINT `role_has_permissions_permission_id_foreign` FOREIGN KEY (`permission_id`) REFERENCES `permissions` (`id`) ON DELETE CASCADE ON UPDATE CASCADE,
  ADD CONSTRAINT `role_has_permissions_role_id_foreign` FOREIGN KEY (`role_id`) REFERENCES `roles_alt` (`id`) ON DELETE CASCADE ON UPDATE CASCADE;

--
-- Filtros para la tabla `role_user`
--
ALTER TABLE `role_user`
  ADD CONSTRAINT `roles_role_id_foreing` FOREIGN KEY (`role_id`) REFERENCES `roles` (`id`) ON DELETE CASCADE ON UPDATE CASCADE,
  ADD CONSTRAINT `roles_user_id_foreing` FOREIGN KEY (`user_id`) REFERENCES `users` (`id`) ON DELETE CASCADE ON UPDATE CASCADE;

--
-- Filtros para la tabla `users`
--
ALTER TABLE `users`
  ADD CONSTRAINT `users_ibfk_1` FOREIGN KEY (`campus_id`) REFERENCES `campus` (`id`) ON DELETE SET NULL ON UPDATE SET NULL;
COMMIT;

/*!40101 SET CHARACTER_SET_CLIENT=@OLD_CHARACTER_SET_CLIENT */;
/*!40101 SET CHARACTER_SET_RESULTS=@OLD_CHARACTER_SET_RESULTS */;
/*!40101 SET COLLATION_CONNECTION=@OLD_COLLATION_CONNECTION */;
